테이블명,GRAIN,테이블유형,컬럼명,타입,NULLABLE,키,FK_타깃,설명,주의_제약(DDL)
AGENCY_AD_CREATIVE,1소재(CREATIVE_DK),광고,CREATIVE_DK,VARCHAR,N,PK,,MD5(소스+매체+소재+유형+CM위치+초수) 대체키 (PK),
AGENCY_AD_CREATIVE,1소재(CREATIVE_DK),광고,SOURCE_SYSTEM,VARCHAR,N,,,소스 시스템 (DIGITAL/REBROADCAST/VIDEO),
AGENCY_AD_CREATIVE,1소재(CREATIVE_DK),광고,MEDIA_CHANNEL_NM,VARCHAR,Y,,,매체/채널명,
AGENCY_AD_CREATIVE,1소재(CREATIVE_DK),광고,CREATIVE_NM,VARCHAR,Y,,,소재명 (DGT.MATR/REBRDC.BRDC_NM/VIDEO.MATR_NM),
AGENCY_AD_CREATIVE,1소재(CREATIVE_DK),광고,CREATIVE_TYPE_NM,VARCHAR,Y,,,소재유형/RT유형/캠페인유형,
AGENCY_AD_CREATIVE,1소재(CREATIVE_DK),광고,CM_AREA_NM,VARCHAR,Y,,,CM위치 (VIDEO),
AGENCY_AD_CREATIVE,1소재(CREATIVE_DK),광고,AD_SEC_NM,VARCHAR,Y,,,초수 (VIDEO),
AGENCY_AD_CREATIVE,1소재(CREATIVE_DK),광고,DW_SOURCE_SYSTEM,VARCHAR,N,,,원천 시스템 식별 (공통감사),공통감사
AGENCY_AD_CREATIVE,1소재(CREATIVE_DK),광고,DW_SOURCE_TABLE,VARCHAR,Y,,,원천 테이블 식별 (공통감사),공통감사
AGENCY_AD_CREATIVE,1소재(CREATIVE_DK),광고,DW_LOAD_TS,TIMESTAMP_NTZ,N,,,최초 적재 시각 (공통감사),공통감사
AGENCY_AD_CREATIVE,1소재(CREATIVE_DK),광고,DW_UPDATE_TS,TIMESTAMP_NTZ,Y,,,최종 갱신 시각 (공통감사),공통감사
AGENCY_AD_CREATIVE,1소재(CREATIVE_DK),광고,DW_BATCH_ID,VARCHAR,Y,,,적재 배치 식별자 = dbt invocation_id (공통감사),공통감사
AGENCY_AD_PERFORMANCE,소스x일자x소재x캠페인,광고,SOURCE_SYSTEM,VARCHAR,N,,,소스 시스템 (DIGITAL/REBROADCAST/VIDEO) (②⑤),
AGENCY_AD_PERFORMANCE,소스x일자x소재x캠페인,광고,AD_DATE,DATE,Y,,,광고 집행일자,
AGENCY_AD_PERFORMANCE,소스x일자x소재x캠페인,광고,AD_YEAR,"NUMBER(4,0)",Y,,,광고 집행연도 YYYY,
AGENCY_AD_PERFORMANCE,소스x일자x소재x캠페인,광고,AD_MONTH,"NUMBER(2,0)",Y,,,광고 집행월 1~12,
AGENCY_AD_PERFORMANCE,소스x일자x소재x캠페인,광고,CAMPAIGN_NM,VARCHAR,Y,,,캠페인명 (DGT.CMPGN_NM/VIDEO.MKT_CMPGN_NM/REBRDC=NULL) (⑤),
AGENCY_AD_PERFORMANCE,소스x일자x소재x캠페인,광고,UPPER_CAMPAIGN_NM,VARCHAR,Y,,,상위 캠페인명,
AGENCY_AD_PERFORMANCE,소스x일자x소재x캠페인,광고,MEDIA_CHANNEL_NM,VARCHAR,Y,,,매체/채널명,
AGENCY_AD_PERFORMANCE,소스x일자x소재x캠페인,광고,DEVICE_NM,VARCHAR,Y,,,디바이스 (DGT만),
AGENCY_AD_PERFORMANCE,소스x일자x소재x캠페인,광고,CREATIVE_NM,VARCHAR,Y,,,소재명,
AGENCY_AD_PERFORMANCE,소스x일자x소재x캠페인,광고,PROGRAM_NM,VARCHAR,Y,,,프로그램명 (REBRDC.BRDC_NM/VIDEO.SCHDL_NM),
AGENCY_AD_PERFORMANCE,소스x일자x소재x캠페인,광고,IMPRESSION_CNT,"NUMBER(38,4)",Y,,,노출수 (DGT만) (④),
AGENCY_AD_PERFORMANCE,소스x일자x소재x캠페인,광고,CLICK_CNT,"NUMBER(38,4)",Y,,,클릭수 (DGT만) (④),
AGENCY_AD_PERFORMANCE,소스x일자x소재x캠페인,광고,CONV_MEMBER_CNT,"NUMBER(38,4)",Y,,,전환/개발 명수 (③),
AGENCY_AD_PERFORMANCE,소스x일자x소재x캠페인,광고,CONV_UNIT_CNT,"NUMBER(38,4)",Y,,,"전환 VU/건수 (③, 비건수 주의)",
AGENCY_AD_PERFORMANCE,소스x일자x소재x캠페인,광고,INBOUND_CALL_CNT,"NUMBER(38,4)",Y,,,인입콜 수 (REBRDC=TRY_TO_NUMBER + VIDEO) (②),
AGENCY_AD_PERFORMANCE,소스x일자x소재x캠페인,광고,CONV_CALL_CNT,"NUMBER(38,4)",Y,,,VIDEO 전환콜 (별개 measure),
AGENCY_AD_PERFORMANCE,소스x일자x소재x캠페인,광고,AD_CNT,"NUMBER(38,4)",Y,,,광고횟수 (REBRDC/VIDEO),
AGENCY_AD_PERFORMANCE,소스x일자x소재x캠페인,광고,AD_COST,"NUMBER(38,4)",Y,,,광고비 (소스별 컬럼 상이),
AGENCY_AD_PERFORMANCE,소스x일자x소재x캠페인,광고,COST_TYPE,VARCHAR,Y,,,비용유형 (GA/편성(REBRDC)/집행(VIDEO)),
AGENCY_AD_PERFORMANCE,소스x일자x소재x캠페인,광고,DW_SOURCE_SYSTEM,VARCHAR,N,,,원천 시스템 식별 (공통감사),공통감사
AGENCY_AD_PERFORMANCE,소스x일자x소재x캠페인,광고,DW_SOURCE_TABLE,VARCHAR,Y,,,원천 테이블 식별 (공통감사),공통감사
AGENCY_AD_PERFORMANCE,소스x일자x소재x캠페인,광고,DW_LOAD_TS,TIMESTAMP_NTZ,N,,,최초 적재 시각 (공통감사),공통감사
AGENCY_AD_PERFORMANCE,소스x일자x소재x캠페인,광고,DW_UPDATE_TS,TIMESTAMP_NTZ,Y,,,최종 갱신 시각 (공통감사),공통감사
AGENCY_AD_PERFORMANCE,소스x일자x소재x캠페인,광고,DW_BATCH_ID,VARCHAR,Y,,,적재 배치 식별자 = dbt invocation_id (공통감사),공통감사
CRM_CAMPAIGN,1캠페인,마스터,CMPGN_CD,VARCHAR(20),N,PK,,캠페인코드 (PK),
CRM_CAMPAIGN,1캠페인,마스터,CMPGN_NM,VARCHAR(200),Y,,,캠페인명,
CRM_CAMPAIGN,1캠페인,마스터,UPPER_CMPGN_CD,VARCHAR(20),Y,FK,CRM_CAMPAIGN.CMPGN_CD※비강제,상위캠페인코드 (자기참조),
CRM_CAMPAIGN,1캠페인,마스터,UPPER_CMPGN_YN,VARCHAR(1),Y,,,상위캠페인 여부 (Y/N),
CRM_CAMPAIGN,1캠페인,마스터,BRND_ID,VARCHAR(30),Y,,,브랜드ID,
CRM_CAMPAIGN,1캠페인,마스터,BRND_NM,VARCHAR(200),Y,,,브랜드명,동일소스 JOIN
CRM_CAMPAIGN,1캠페인,마스터,PR_MTH_CD,VARCHAR(3),Y,,CRM_CODE※비강제,홍보방법코드,
CRM_CAMPAIGN,1캠페인,마스터,SPNSR_BSNS_ID,VARCHAR(100),Y,FK,CRM_SPONSORSHIP.SPNSR_BSNS_ID※비강제,후원사업ID (Q16 조인키),
CRM_CAMPAIGN,1캠페인,마스터,CMPGN_CTGR_CD,"NUMBER(10,0)",Y,,CRM_CODE※비강제,캠페인 카테고리코드,
CRM_CAMPAIGN,1캠페인,마스터,CMPGN_TYPE1_BSN,"NUMBER(10,0)",Y,,CRM_CODE※비강제,캠페인 유형1 (사업),
CRM_CAMPAIGN,1캠페인,마스터,CMPGN_TYPE2_BSN,"NUMBER(10,0)",Y,,CRM_CODE※비강제,캠페인 유형2 (사업),
CRM_CAMPAIGN,1캠페인,마스터,MKTG_CMPGN_NM,"NUMBER(10,0)",Y,,,마케팅 캠페인명 코드,
CRM_CAMPAIGN,1캠페인,마스터,MK_CMPGN_NM,VARCHAR(200),Y,,,마케팅 캠페인명 (라벨),
CRM_CAMPAIGN,1캠페인,마스터,CMPGN_STRT_DE,VARCHAR(8),Y,,,캠페인 시작일 YYYYMMDD,
CRM_CAMPAIGN,1캠페인,마스터,DW_SOURCE_SYSTEM,VARCHAR,N,,,원천 시스템 식별 (공통감사),공통감사
CRM_CAMPAIGN,1캠페인,마스터,DW_LOAD_TS,TIMESTAMP_NTZ,N,,,최초 적재 시각 (공통감사),공통감사
CRM_CAMPAIGN,1캠페인,마스터,DW_UPDATE_TS,TIMESTAMP_NTZ,Y,,,최종 갱신 시각 (공통감사),공통감사
CRM_CAMPAIGN,1캠페인,마스터,DW_BATCH_ID,VARCHAR,Y,,,적재 배치 식별자 = dbt invocation_id (공통감사),공통감사
CRM_CODE,코드그룹x코드,코드,CD_ID,VARCHAR(20),N,PK,,코드그룹 ID (PK),
CRM_CODE,코드그룹x코드,코드,DTL_CD_ID,VARCHAR(50),N,PK,,상세코드 ID (PK),
CRM_CODE,코드그룹x코드,코드,DTL_CD_NM,VARCHAR(100),Y,,,상세코드명 (라벨),
CRM_CODE,코드그룹x코드,코드,UPPER_CD_ID,VARCHAR(20),Y,,,상위코드 ID (코드 계층),
CRM_CODE,코드그룹x코드,코드,SORT_ORDR,"NUMBER(10,0)",Y,,,정렬순서,
CRM_CODE,코드그룹x코드,코드,USE_YN,VARCHAR(1),Y,,,사용여부 (Y/N),
CRM_CODE,코드그룹x코드,코드,DW_SOURCE_SYSTEM,VARCHAR,N,,,원천 시스템 식별 (공통감사),공통감사
CRM_CODE,코드그룹x코드,코드,DW_LOAD_TS,TIMESTAMP_NTZ,N,,,최초 적재 시각 (공통감사),공통감사
CRM_CODE,코드그룹x코드,코드,DW_UPDATE_TS,TIMESTAMP_NTZ,Y,,,최종 갱신 시각 (공통감사),공통감사
CRM_CODE,코드그룹x코드,코드,DW_BATCH_ID,VARCHAR,Y,,,적재 배치 식별자 = dbt invocation_id (공통감사),공통감사
CRM_DEV_TARGET,월x조직x개발구분,마스터,STDYY,VARCHAR(4),N,PK,,기준연도 YYYY (PK),
CRM_DEV_TARGET,월x조직x개발구분,마스터,STDR_MT,VARCHAR(6),N,PK,,기준월 YYYYMM (PK),
CRM_DEV_TARGET,월x조직x개발구분,마스터,MBER_DVLP_DIV_CD,VARCHAR(1),N,PK,CRM_CODE※비강제,회원개발 구분코드 (PK),FTG-D conform
CRM_DEV_TARGET,월x조직x개발구분,마스터,DEPT_ID,VARCHAR(20),N,PK,CRM_ORG.DEPT_ID※비강제,"부서ID (PK, →CRM_ORG)",
CRM_DEV_TARGET,월x조직x개발구분,마스터,GOAL_CNT,"NUMBER(10,0)",Y,,,목표 건수,FTG-D measure
CRM_DEV_TARGET,월x조직x개발구분,마스터,DW_SOURCE_SYSTEM,VARCHAR,N,,,원천 시스템 식별 (공통감사),공통감사
CRM_DEV_TARGET,월x조직x개발구분,마스터,DW_LOAD_TS,TIMESTAMP_NTZ,N,,,최초 적재 시각 (공통감사),공통감사
CRM_DEV_TARGET,월x조직x개발구분,마스터,DW_UPDATE_TS,TIMESTAMP_NTZ,Y,,,최종 갱신 시각 (공통감사),공통감사
CRM_DEV_TARGET,월x조직x개발구분,마스터,DW_BATCH_ID,VARCHAR,Y,,,적재 배치 식별자 = dbt invocation_id (공통감사),공통감사
CRM_EVENT,1행사,행사,EVENT_KEY,VARCHAR,N,PK,,행사키 (PK),파생 통합키
CRM_EVENT,1행사,행사,EVENT_SOURCE,VARCHAR,Y,,,행사출처 (이벤트/캠페인행사),파생
CRM_EVENT,1행사,행사,EVENT_DIV_CD,VARCHAR(3),Y,,CRM_CODE※비강제,행사구분코드,
CRM_EVENT,1행사,행사,EVENT_NM,VARCHAR(200),Y,,,행사명,
CRM_EVENT,1행사,행사,STRT_DE,VARCHAR(8),Y,,,시작일자 YYYYMMDD,
CRM_EVENT,1행사,행사,END_DE,VARCHAR(8),Y,,,종료일자 YYYYMMDD,
CRM_EVENT,1행사,행사,RCRIT_PSNNL_CO,"NUMBER(10,0)",Y,,,모집인원 수,
CRM_EVENT,1행사,행사,BRNCH_DEPT_ID,VARCHAR(20),Y,FK,CRM_ORG.DEPT_ID※비강제,주관부서ID (→CRM_ORG),
CRM_EVENT,1행사,행사,DW_SOURCE_SYSTEM,VARCHAR,N,,,원천 시스템 식별 (공통감사),공통감사
CRM_EVENT,1행사,행사,DW_SOURCE_TABLE,VARCHAR,Y,,,원천 테이블 식별 (공통감사),공통감사
CRM_EVENT,1행사,행사,DW_LOAD_TS,TIMESTAMP_NTZ,N,,,최초 적재 시각 (공통감사),공통감사
CRM_EVENT,1행사,행사,DW_UPDATE_TS,TIMESTAMP_NTZ,Y,,,최종 갱신 시각 (공통감사),공통감사
CRM_EVENT,1행사,행사,DW_BATCH_ID,VARCHAR,Y,,,적재 배치 식별자 = dbt invocation_id (공통감사),공통감사
CRM_EVENT_PARTICIPATION,행사x참여자,행사,EVENT_KEY,VARCHAR,N,"PK,FK",CRM_EVENT.EVENT_KEY※비강제,"행사키 (PK, →CRM_EVENT)",
CRM_EVENT_PARTICIPATION,행사x참여자,행사,MBER_NO,VARCHAR(10),N,"PK,FK",CRM_MEMBER.MEMBER_DK※비강제,회원번호 (PK),
CRM_EVENT_PARTICIPATION,행사x참여자,행사,PARTCPT_SEQ,"NUMBER(10,0)",N,PK,,참여 일련번호 (PK),
CRM_EVENT_PARTICIPATION,행사x참여자,행사,PARTCPT_STAT_CD,VARCHAR(3),Y,,CRM_CODE※비강제,참여상태코드,
CRM_EVENT_PARTICIPATION,행사x참여자,행사,PARTCPT_CHNNL_CD,VARCHAR(3),Y,,CRM_CODE※비강제,참여채널코드,
CRM_EVENT_PARTICIPATION,행사x참여자,행사,PARTCPT_PATH_CD,VARCHAR(3),Y,,CRM_CODE※비강제,참여경로코드,
CRM_EVENT_PARTICIPATION,행사x참여자,행사,PRZWIN_CD,"NUMBER(10,0)",Y,,,당첨코드,
CRM_EVENT_PARTICIPATION,행사x참여자,행사,RCPMNY_AMT,"NUMBER(19,0)",Y,,,입금금액 (원단위),원금액
CRM_EVENT_PARTICIPATION,행사x참여자,행사,PARTCPT_DT,TIMESTAMP_NTZ,Y,,,참여일시,
CRM_EVENT_PARTICIPATION,행사x참여자,행사,DW_SOURCE_SYSTEM,VARCHAR,N,,,원천 시스템 식별 (공통감사),공통감사
CRM_EVENT_PARTICIPATION,행사x참여자,행사,DW_SOURCE_TABLE,VARCHAR,Y,,,원천 테이블 식별 (공통감사),공통감사
CRM_EVENT_PARTICIPATION,행사x참여자,행사,DW_LOAD_TS,TIMESTAMP_NTZ,N,,,최초 적재 시각 (공통감사),공통감사
CRM_EVENT_PARTICIPATION,행사x참여자,행사,DW_UPDATE_TS,TIMESTAMP_NTZ,Y,,,최종 갱신 시각 (공통감사),공통감사
CRM_EVENT_PARTICIPATION,행사x참여자,행사,DW_BATCH_ID,VARCHAR,Y,,,적재 배치 식별자 = dbt invocation_id (공통감사),공통감사
CRM_MEMBER,1회원(MEMBER_DK),회원,MEMBER_DK,VARCHAR(10),N,PK,,"불변 회원키 (PK, 조인용)",
CRM_MEMBER,1회원(MEMBER_DK),회원,MEMBER_TYPE,VARCHAR(10),Y,,,회원구분 파생 (정기=FDRM / 일시=ONCE),파생
CRM_MEMBER,1회원(MEMBER_DK),회원,MBER_DIV_CD,VARCHAR(3),Y,,CRM_CODE※비강제,회원구분코드 (MM018: 개인/기업/단체),
CRM_MEMBER,1회원(MEMBER_DK),회원,MBER_DIV_NM,VARCHAR,Y,,,회원구분명 (코드 라벨),파생
CRM_MEMBER,1회원(MEMBER_DK),회원,CPR_DIV_CD,VARCHAR(3),Y,,CRM_CODE※비강제,법인구분코드,
CRM_MEMBER,1회원(MEMBER_DK),회원,SEX,VARCHAR,Y,,,성별,
CRM_MEMBER,1회원(MEMBER_DK),회원,MBER_STAT_CD,VARCHAR(3),Y,,CRM_CODE※비강제,회원상태코드,정기만 보유
CRM_MEMBER,1회원(MEMBER_DK),회원,MBER_STAT_NM,VARCHAR,Y,,,회원상태명 (코드 라벨),파생
CRM_MEMBER,1회원(MEMBER_DK),회원,CMPGN_CD,VARCHAR(20),Y,,CRM_CAMPAIGN.CMPGN_CD※비강제,가입 캠페인코드 (→CRM_CAMPAIGN),
CRM_MEMBER,1회원(MEMBER_DK),회원,ACT_DEPT_CD,VARCHAR(10),Y,,CRM_ORG.DEPT_ID※비강제,활동부서코드 (→CRM_ORG),
CRM_MEMBER,1회원(MEMBER_DK),회원,REGIST_DEPT_CD,VARCHAR(10),Y,,CRM_ORG.DEPT_ID※비강제,등록부서코드 (→CRM_ORG),
CRM_MEMBER,1회원(MEMBER_DK),회원,JOIN_PATH_CD,VARCHAR(3),Y,,CRM_CODE※비강제,가입경로코드 (MM014),
CRM_MEMBER,1회원(MEMBER_DK),회원,HMPG_ID,VARCHAR(30),Y,,,홈페이지/앱 ID,
CRM_MEMBER,1회원(MEMBER_DK),회원,ENTRPS_NM,VARCHAR(200),Y,,,기업/단체명 (법인회원),
CRM_MEMBER,1회원(MEMBER_DK),회원,EMAIL_RECPTN,VARCHAR,Y,,,이메일 수신동의 여부,
CRM_MEMBER,1회원(MEMBER_DK),회원,PSTMTR_RECPTN,VARCHAR,Y,,,우편물 수신동의 여부,
CRM_MEMBER,1회원(MEMBER_DK),회원,JOIN_DT,TIMESTAMP_NTZ,Y,,,가입일시,
CRM_MEMBER,1회원(MEMBER_DK),회원,DW_SOURCE_SYSTEM,VARCHAR,N,,,원천 시스템 식별 (공통감사),공통감사
CRM_MEMBER,1회원(MEMBER_DK),회원,DW_SOURCE_TABLE,VARCHAR,Y,,,원천 테이블 식별 (공통감사),공통감사
CRM_MEMBER,1회원(MEMBER_DK),회원,DW_LOAD_TS,TIMESTAMP_NTZ,N,,,최초 적재 시각 (공통감사),공통감사
CRM_MEMBER,1회원(MEMBER_DK),회원,DW_UPDATE_TS,TIMESTAMP_NTZ,Y,,,최종 갱신 시각 (공통감사),공통감사
CRM_MEMBER,1회원(MEMBER_DK),회원,DW_BATCH_ID,VARCHAR,Y,,,적재 배치 식별자 = dbt invocation_id (공통감사),공통감사
CRM_MEMBER_AMT_CHANGE,증감 1건,약정,OCCRRNC_DE,VARCHAR(8),N,PK,,발생일자 YYYYMMDD (PK),
CRM_MEMBER_AMT_CHANGE,증감 1건,약정,SER_NO,"NUMBER(10,0)",N,PK,,일련번호 (PK),
CRM_MEMBER_AMT_CHANGE,증감 1건,약정,MBER_NO,VARCHAR(10),Y,FK,CRM_MEMBER.MEMBER_DK※비강제,회원번호,
CRM_MEMBER_AMT_CHANGE,증감 1건,약정,SPNSR_AMT,"NUMBER(19,0)",Y,,,변경 후 약정금액 (원단위),원금액 보존
CRM_MEMBER_AMT_CHANGE,증감 1건,약정,RDCAMT_YN,VARCHAR(1),Y,,,감액여부 (Y=감액/N=증액),
CRM_MEMBER_AMT_CHANGE,증감 1건,약정,ACMSLT_DEPT_CD,VARCHAR(10),Y,FK,CRM_ORG.DEPT_ID※비강제,실적부서코드 (→CRM_ORG),
CRM_MEMBER_AMT_CHANGE,증감 1건,약정,CMPGN_CD,VARCHAR(20),Y,FK,CRM_CAMPAIGN.CMPGN_CD※비강제,캠페인코드 (→CRM_CAMPAIGN),
CRM_MEMBER_AMT_CHANGE,증감 1건,약정,AREA_CD,VARCHAR(3),Y,,,지역코드 (CM018) — [S-5 G1] DIM_MEMBER REGION 스냅샷 소스,
CRM_MEMBER_AMT_CHANGE,증감 1건,약정,AREA_NM,VARCHAR,Y,,,지역명 (코드 라벨),
CRM_MEMBER_AMT_CHANGE,증감 1건,약정,AGE,"NUMBER(10,0)",Y,,,연령 — [S-5 G1] DIM_MEMBER AGE_BAND 스냅샷 소스,
CRM_MEMBER_AMT_CHANGE,증감 1건,약정,DW_SOURCE_SYSTEM,VARCHAR,N,,,원천 시스템 식별 (공통감사),공통감사
CRM_MEMBER_AMT_CHANGE,증감 1건,약정,DW_LOAD_TS,TIMESTAMP_NTZ,N,,,최초 적재 시각 (공통감사),공통감사
CRM_MEMBER_AMT_CHANGE,증감 1건,약정,DW_UPDATE_TS,TIMESTAMP_NTZ,Y,,,최종 갱신 시각 (공통감사),공통감사
CRM_MEMBER_AMT_CHANGE,증감 1건,약정,DW_BATCH_ID,VARCHAR,Y,,,적재 배치 식별자 = dbt invocation_id (공통감사),공통감사
CRM_MEMBER_DEV,개발약정 1건,약정,SPNSR_NO,VARCHAR(9),N,PK,,후원번호 (PK),
CRM_MEMBER_DEV,개발약정 1건,약정,SPNSR_BSNS_NO,"NUMBER(19,0)",N,PK,,후원사업번호 (PK),Q15 약정키(차원키 아님)
CRM_MEMBER_DEV,개발약정 1건,약정,OCCRRNC_DE,VARCHAR(8),N,PK,,발생일자 YYYYMMDD (PK),
CRM_MEMBER_DEV,개발약정 1건,약정,SER_NO,"NUMBER(10,0)",N,PK,,일련번호 (PK),
CRM_MEMBER_DEV,개발약정 1건,약정,MBER_NO,VARCHAR(10),Y,FK,CRM_MEMBER.MEMBER_DK※비강제,회원번호,
CRM_MEMBER_DEV,개발약정 1건,약정,SPNSR_BSNS_ID,VARCHAR(20),Y,FK,CRM_SPONSORSHIP.SPNSR_BSNS_ID※비강제,후원사업ID (→CRM_SPONSORSHIP),
CRM_MEMBER_DEV,개발약정 1건,약정,SPNSR_AMT,"NUMBER(19,0)",Y,,,약정 후원금액 (원단위),원금액 보존
CRM_MEMBER_DEV,개발약정 1건,약정,DVLP_DIV_CD,VARCHAR(3),Y,,CRM_CODE※비강제,개발구분코드,FTG-D conform
CRM_MEMBER_DEV,개발약정 1건,약정,ACT_DEPT_CD,VARCHAR(10),Y,FK,CRM_ORG.DEPT_ID※비강제,활동부서코드 (→CRM_ORG),O10
CRM_MEMBER_DEV,개발약정 1건,약정,ACMSLT_DEPT_CD,VARCHAR(10),Y,FK,CRM_ORG.DEPT_ID※비강제,실적부서코드 (→CRM_ORG),O10
CRM_MEMBER_DEV,개발약정 1건,약정,CMPGN_CD,VARCHAR(20),Y,FK,CRM_CAMPAIGN.CMPGN_CD※비강제,캠페인코드 (→CRM_CAMPAIGN),
CRM_MEMBER_DEV,개발약정 1건,약정,SETLE_CD,VARCHAR(3),Y,,CRM_CODE※비강제,결제수단코드,
CRM_MEMBER_DEV,개발약정 1건,약정,AREA_CD,VARCHAR(3),Y,,,지역코드 (CM018) — [S-5 G1] DIM_MEMBER REGION 스냅샷 소스,
CRM_MEMBER_DEV,개발약정 1건,약정,AREA_NM,VARCHAR,Y,,,지역명 (코드 라벨),
CRM_MEMBER_DEV,개발약정 1건,약정,AGE,"NUMBER(10,0)",Y,,,연령 — [S-5 G1] DIM_MEMBER AGE_BAND 스냅샷 소스,
CRM_MEMBER_DEV,개발약정 1건,약정,DW_SOURCE_SYSTEM,VARCHAR,N,,,원천 시스템 식별 (공통감사),공통감사
CRM_MEMBER_DEV,개발약정 1건,약정,DW_LOAD_TS,TIMESTAMP_NTZ,N,,,최초 적재 시각 (공통감사),공통감사
CRM_MEMBER_DEV,개발약정 1건,약정,DW_UPDATE_TS,TIMESTAMP_NTZ,Y,,,최종 갱신 시각 (공통감사),공통감사
CRM_MEMBER_DEV,개발약정 1건,약정,DW_BATCH_ID,VARCHAR,Y,,,적재 배치 식별자 = dbt invocation_id (공통감사),공통감사
CRM_MEMBER_DISCONTINUE,중단 1건,약정,MBER_NO,VARCHAR(10),N,"PK,FK",CRM_MEMBER.MEMBER_DK※비강제,회원번호 (PK),
CRM_MEMBER_DISCONTINUE,중단 1건,약정,SPNSR_DSCNTC_DE,VARCHAR(8),N,PK,,후원중단일자 YYYYMMDD (PK),
CRM_MEMBER_DISCONTINUE,중단 1건,약정,SER_NO,"NUMBER(10,0)",N,PK,,일련번호 (PK),
CRM_MEMBER_DISCONTINUE,중단 1건,약정,DSCNTC_RSN_CD,VARCHAR(3),Y,,CRM_CODE※비강제,중단사유코드,DIM_REASON
CRM_MEMBER_DISCONTINUE,중단 1건,약정,DSCNTC_RSN_NM,VARCHAR,Y,,,중단사유명 (코드 라벨),파생
CRM_MEMBER_DISCONTINUE,중단 1건,약정,DSCNTC_PATH,VARCHAR(1),Y,,,중단경로,
CRM_MEMBER_DISCONTINUE,중단 1건,약정,REGIST_DEPT_CD,VARCHAR(10),Y,FK,CRM_ORG.DEPT_ID※비강제,등록부서코드 (→CRM_ORG),
CRM_MEMBER_DISCONTINUE,중단 1건,약정,DW_SOURCE_SYSTEM,VARCHAR,N,,,원천 시스템 식별 (공통감사),공통감사
CRM_MEMBER_DISCONTINUE,중단 1건,약정,DW_LOAD_TS,TIMESTAMP_NTZ,N,,,최초 적재 시각 (공통감사),공통감사
CRM_MEMBER_DISCONTINUE,중단 1건,약정,DW_UPDATE_TS,TIMESTAMP_NTZ,Y,,,최종 갱신 시각 (공통감사),공통감사
CRM_MEMBER_DISCONTINUE,중단 1건,약정,DW_BATCH_ID,VARCHAR,Y,,,적재 배치 식별자 = dbt invocation_id (공통감사),공통감사
CRM_MEMBER_RESPONSOR,재후원 1건,약정,MBER_NO,VARCHAR(10),N,"PK,FK",CRM_MEMBER.MEMBER_DK※비강제,회원번호 (PK),
CRM_MEMBER_RESPONSOR,재후원 1건,약정,SER_NO,"NUMBER(10,0)",N,PK,,일련번호 (PK),
CRM_MEMBER_RESPONSOR,재후원 1건,약정,RE_SPNSR_DE,VARCHAR(8),N,PK,,재후원일자 YYYYMMDD (PK),
CRM_MEMBER_RESPONSOR,재후원 1건,약정,REGIST_DEPT_CD,VARCHAR(10),Y,FK,CRM_ORG.DEPT_ID※비강제,등록부서코드 (→CRM_ORG),
CRM_MEMBER_RESPONSOR,재후원 1건,약정,DW_SOURCE_SYSTEM,VARCHAR,N,,,원천 시스템 식별 (공통감사),공통감사
CRM_MEMBER_RESPONSOR,재후원 1건,약정,DW_LOAD_TS,TIMESTAMP_NTZ,N,,,최초 적재 시각 (공통감사),공통감사
CRM_MEMBER_RESPONSOR,재후원 1건,약정,DW_UPDATE_TS,TIMESTAMP_NTZ,Y,,,최종 갱신 시각 (공통감사),공통감사
CRM_MEMBER_RESPONSOR,재후원 1건,약정,DW_BATCH_ID,VARCHAR,Y,,,적재 배치 식별자 = dbt invocation_id (공통감사),공통감사
CRM_MEMBER_SPONSOR_BIZ,회원x후원사업,약정,SPNSR_NO,VARCHAR(9),N,PK,,후원번호 (PK),
CRM_MEMBER_SPONSOR_BIZ,회원x후원사업,약정,SPNSR_BSNS_NO,"NUMBER(19,0)",N,PK,,후원사업번호 (PK),
CRM_MEMBER_SPONSOR_BIZ,회원x후원사업,약정,SPNSR_BSNS_ID,VARCHAR(20),Y,FK,CRM_SPONSORSHIP.SPNSR_BSNS_ID※비강제,후원사업ID (→CRM_SPONSORSHIP),Q15 NO->ID 크로스워크 소스
CRM_MEMBER_SPONSOR_BIZ,회원x후원사업,약정,SPNSR_AMT,"NUMBER(19,0)",Y,,,약정금액 (원단위),
CRM_MEMBER_SPONSOR_BIZ,회원x후원사업,약정,SPNSR_DSCNTC_YN,VARCHAR(1),Y,,,후원중단여부 (Y/N),
CRM_MEMBER_SPONSOR_BIZ,회원x후원사업,약정,SPNSR_DSCNTC_DE,VARCHAR(8),Y,,,후원중단일자 YYYYMMDD,
CRM_MEMBER_SPONSOR_BIZ,회원x후원사업,약정,SPNSR_DSCNTC_RSN_CD,VARCHAR(3),Y,,CRM_CODE※비강제,후원중단사유코드,
CRM_MEMBER_SPONSOR_BIZ,회원x후원사업,약정,DW_SOURCE_SYSTEM,VARCHAR,N,,,원천 시스템 식별 (공통감사),공통감사
CRM_MEMBER_SPONSOR_BIZ,회원x후원사업,약정,DW_LOAD_TS,TIMESTAMP_NTZ,N,,,최초 적재 시각 (공통감사),공통감사
CRM_MEMBER_SPONSOR_BIZ,회원x후원사업,약정,DW_UPDATE_TS,TIMESTAMP_NTZ,Y,,,최종 갱신 시각 (공통감사),공통감사
CRM_MEMBER_SPONSOR_BIZ,회원x후원사업,약정,DW_BATCH_ID,VARCHAR,Y,,,적재 배치 식별자 = dbt invocation_id (공통감사),공통감사
CRM_MEMBER_STATUS_HIST,회원상태전이 1건,회원,MBER_NO,VARCHAR(10),N,"PK,FK",CRM_MEMBER.MEMBER_DK※비강제,회원번호 (PK),
CRM_MEMBER_STATUS_HIST,회원상태전이 1건,회원,SER_NO,"NUMBER(10,0)",N,PK,,상태전이 일련번호 (PK),
CRM_MEMBER_STATUS_HIST,회원상태전이 1건,회원,BF_STAT_CD,VARCHAR(3),Y,,CRM_CODE※비강제,변경 전 상태코드,
CRM_MEMBER_STATUS_HIST,회원상태전이 1건,회원,BF_STAT_NM,VARCHAR,Y,,,변경 전 상태명 (코드 라벨),파생
CRM_MEMBER_STATUS_HIST,회원상태전이 1건,회원,CHN_STAT_CD,VARCHAR(3),Y,,CRM_CODE※비강제,변경 후 상태코드,
CRM_MEMBER_STATUS_HIST,회원상태전이 1건,회원,CHN_STAT_NM,VARCHAR,Y,,,변경 후 상태명 (코드 라벨),파생
CRM_MEMBER_STATUS_HIST,회원상태전이 1건,회원,EFFECTIVE_FROM,TIMESTAMP_NTZ,Y,,,SCD2 유효시작 시각,SCD2 시작
CRM_MEMBER_STATUS_HIST,회원상태전이 1건,회원,EFFECTIVE_TO,TIMESTAMP_NTZ,Y,,,SCD2 유효종료 시각,SCD2 종료(파생)
CRM_MEMBER_STATUS_HIST,회원상태전이 1건,회원,IS_CURRENT,BOOLEAN,Y,,,현재행 여부,SCD2(파생)
CRM_MEMBER_STATUS_HIST,회원상태전이 1건,회원,DW_SOURCE_SYSTEM,VARCHAR,N,,,원천 시스템 식별 (공통감사),공통감사
CRM_MEMBER_STATUS_HIST,회원상태전이 1건,회원,DW_LOAD_TS,TIMESTAMP_NTZ,N,,,최초 적재 시각 (공통감사),공통감사
CRM_MEMBER_STATUS_HIST,회원상태전이 1건,회원,DW_UPDATE_TS,TIMESTAMP_NTZ,Y,,,최종 갱신 시각 (공통감사),공통감사
CRM_MEMBER_STATUS_HIST,회원상태전이 1건,회원,DW_BATCH_ID,VARCHAR,Y,,,적재 배치 식별자 = dbt invocation_id (공통감사),공통감사
CRM_ORG,1조직노드,마스터,DEPT_ID,VARCHAR(20),N,PK,,부서ID (PK),
CRM_ORG,1조직노드,마스터,DEPT_NM,VARCHAR(50),Y,,,부서명,
CRM_ORG,1조직노드,마스터,UPPER_DEPT_ID,VARCHAR(20),Y,FK,CRM_ORG.DEPT_ID※비강제,상위부서ID (조직 계층),
CRM_ORG,1조직노드,마스터,ACMSLT_UPPER_DEPT_ID,VARCHAR(20),Y,FK,CRM_ORG.DEPT_ID※비강제,실적상위부서ID (실적팀 재귀 LVL5),
CRM_ORG,1조직노드,마스터,ACMSLT_DEPT_YN,VARCHAR(1),Y,,,실적부서 여부 (Y/N),
CRM_ORG,1조직노드,마스터,STATS_DEPT_LVL,"NUMBER(3,0)",Y,,,통계부서 레벨,
CRM_ORG,1조직노드,마스터,USE_YN,VARCHAR(1),Y,,,"사용여부 (Y/N, 원천 확인)",
CRM_ORG,1조직노드,마스터,SORT_ORDR,"NUMBER(10,0)",Y,,,정렬순서 (원천 확인),
CRM_ORG,1조직노드,마스터,DW_SOURCE_SYSTEM,VARCHAR,N,,,원천 시스템 식별 (공통감사),공통감사
CRM_ORG,1조직노드,마스터,DW_LOAD_TS,TIMESTAMP_NTZ,N,,,최초 적재 시각 (공통감사),공통감사
CRM_ORG,1조직노드,마스터,DW_UPDATE_TS,TIMESTAMP_NTZ,Y,,,최종 갱신 시각 (공통감사),공통감사
CRM_ORG,1조직노드,마스터,DW_BATCH_ID,VARCHAR,Y,,,적재 배치 식별자 = dbt invocation_id (공통감사),공통감사
CRM_PAYMENT_BILLING,적상 1건(회비)/납입 1건(기부금),납입,PAY_KEY,VARCHAR,N,PK,,납입/청구 대체키 (PK),파생 통합키
CRM_PAYMENT_BILLING,적상 1건(회비)/납입 1건(기부금),납입,PAYMENT_TYPE,VARCHAR,Y,,,납입유형 파생 (회비/기부금),Q14 UNION 구분
CRM_PAYMENT_BILLING,적상 1건(회비)/납입 1건(기부금),납입,MBER_NO,VARCHAR(10),Y,FK,CRM_MEMBER.MEMBER_DK※비강제,회원번호,
CRM_PAYMENT_BILLING,적상 1건(회비)/납입 1건(기부금),납입,SPNSR_BSNS_ID,VARCHAR(20),Y,FK,CRM_SPONSORSHIP.SPNSR_BSNS_ID※비강제,후원사업ID (→CRM_SPONSORSHIP),
CRM_PAYMENT_BILLING,적상 1건(회비)/납입 1건(기부금),납입,RELATNSP_KEY,"NUMBER(10,0)",Y,,CRM_SPONSOR_RELATION※비강제,결연키 (→CRM_SPONSOR_RELATION),
CRM_PAYMENT_BILLING,적상 1건(회비)/납입 1건(기부금),납입,MBRFEE_MT,VARCHAR(6),Y,,,회비 대상월 YYYYMM,
CRM_PAYMENT_BILLING,적상 1건(회비)/납입 1건(기부금),납입,MBRFEE_SQNC,"NUMBER(3,0)",Y,,,회비 회차,
CRM_PAYMENT_BILLING,적상 1건(회비)/납입 1건(기부금),납입,RQEST_AMT,"NUMBER(19,0)",Y,,,청구금액 (원단위),
CRM_PAYMENT_BILLING,적상 1건(회비)/납입 1건(기부금),납입,RQEST_DE,DATE,Y,,,청구일자,
CRM_PAYMENT_BILLING,적상 1건(회비)/납입 1건(기부금),납입,PAY_AMT,"NUMBER(10,0)",Y,,,납입금액 (원단위),
CRM_PAYMENT_BILLING,적상 1건(회비)/납입 1건(기부금),납입,PAY_DE,DATE,Y,,,납입일자,
CRM_PAYMENT_BILLING,적상 1건(회비)/납입 1건(기부금),납입,PAY_STAT_CD,VARCHAR(3),Y,,CRM_CODE※비강제,납입상태코드,미납 정의[C-3]: PAY_STAT_CD='F' OR NULL (NULL=수기처리·원래 F)
CRM_PAYMENT_BILLING,적상 1건(회비)/납입 1건(기부금),납입,SETLE_CD,VARCHAR(3),Y,,CRM_CODE※비강제,결제수단코드,
CRM_PAYMENT_BILLING,적상 1건(회비)/납입 1건(기부금),납입,GFT_DIV_CD,VARCHAR(3),Y,,CRM_CODE※비강제,기부구분코드,
CRM_PAYMENT_BILLING,적상 1건(회비)/납입 1건(기부금),납입,DW_SOURCE_SYSTEM,VARCHAR,N,,,원천 시스템 식별 (공통감사),공통감사
CRM_PAYMENT_BILLING,적상 1건(회비)/납입 1건(기부금),납입,DW_SOURCE_TABLE,VARCHAR,Y,,,원천 테이블 식별 (공통감사),공통감사
CRM_PAYMENT_BILLING,적상 1건(회비)/납입 1건(기부금),납입,DW_LOAD_TS,TIMESTAMP_NTZ,N,,,최초 적재 시각 (공통감사),공통감사
CRM_PAYMENT_BILLING,적상 1건(회비)/납입 1건(기부금),납입,DW_UPDATE_TS,TIMESTAMP_NTZ,Y,,,최종 갱신 시각 (공통감사),공통감사
CRM_PAYMENT_BILLING,적상 1건(회비)/납입 1건(기부금),납입,DW_BATCH_ID,VARCHAR,Y,,,적재 배치 식별자 = dbt invocation_id (공통감사),공통감사
CRM_PAYMENT_METHOD,결제수단 1건,납입,SETLE_KEY,"NUMBER(10,0)",N,PK,,결제수단키 (PK),
CRM_PAYMENT_METHOD,결제수단 1건,납입,MBER_NO,VARCHAR(10),Y,FK,CRM_MEMBER.MEMBER_DK※비강제,회원번호,
CRM_PAYMENT_METHOD,결제수단 1건,납입,SETLE_CD,VARCHAR(3),Y,,CRM_CODE※비강제,결제수단코드,
CRM_PAYMENT_METHOD,결제수단 1건,납입,SETLE_NM,VARCHAR,Y,,,결제수단명 (코드 라벨),파생
CRM_PAYMENT_METHOD,결제수단 1건,납입,CARD_DIV_CD,VARCHAR(3),Y,,CRM_CODE※비강제,카드구분코드,
CRM_PAYMENT_METHOD,결제수단 1건,납입,FNLT_CD,VARCHAR(10),Y,,,금융기관코드,
CRM_PAYMENT_METHOD,결제수단 1건,납입,WTDRW_STRT_DE,DATE,Y,,,출금 시작일,
CRM_PAYMENT_METHOD,결제수단 1건,납입,SETLE_STAT_CD,VARCHAR(3),Y,,CRM_CODE※비강제,결제상태코드,
CRM_PAYMENT_METHOD,결제수단 1건,납입,DW_SOURCE_SYSTEM,VARCHAR,N,,,원천 시스템 식별 (공통감사),공통감사
CRM_PAYMENT_METHOD,결제수단 1건,납입,DW_LOAD_TS,TIMESTAMP_NTZ,N,,,최초 적재 시각 (공통감사),공통감사
CRM_PAYMENT_METHOD,결제수단 1건,납입,DW_UPDATE_TS,TIMESTAMP_NTZ,Y,,,최종 갱신 시각 (공통감사),공통감사
CRM_PAYMENT_METHOD,결제수단 1건,납입,DW_BATCH_ID,VARCHAR,Y,,,적재 배치 식별자 = dbt invocation_id (공통감사),공통감사
CRM_RELATION_ACTIVITY,결연활동 1건,결연,ACTIVITY_KEY,VARCHAR,N,PK,,결연활동 대체키 (PK),파생 통합키
CRM_RELATION_ACTIVITY,결연활동 1건,결연,ACTIVITY_TYPE,VARCHAR,Y,,,활동유형 파생 (서신/선물금),파생
CRM_RELATION_ACTIVITY,결연활동 1건,결연,RELATNSP_KEY,"NUMBER(10,0)",Y,FK,CRM_SPONSOR_RELATION.RELATNSP_KEY※비강제,결연키 (→CRM_SPONSOR_RELATION),
CRM_RELATION_ACTIVITY,결연활동 1건,결연,MNG_NO,VARCHAR(7),Y,,,관리번호,
CRM_RELATION_ACTIVITY,결연활동 1건,결연,GFTMNEY,"NUMBER(10,0)",Y,,,선물금 (원단위),원금액
CRM_RELATION_ACTIVITY,결연활동 1건,결연,LETTER_DIV_CD,"NUMBER(10,0)",Y,,,서신구분코드,
CRM_RELATION_ACTIVITY,결연활동 1건,결연,RCEPT_DE,DATE,Y,,,접수일자,
CRM_RELATION_ACTIVITY,결연활동 1건,결연,SNDNG_DE,DATE,Y,,,발송일자,
CRM_RELATION_ACTIVITY,결연활동 1건,결연,DW_SOURCE_SYSTEM,VARCHAR,N,,,원천 시스템 식별 (공통감사),공통감사
CRM_RELATION_ACTIVITY,결연활동 1건,결연,DW_SOURCE_TABLE,VARCHAR,Y,,,원천 테이블 식별 (공통감사),공통감사
CRM_RELATION_ACTIVITY,결연활동 1건,결연,DW_LOAD_TS,TIMESTAMP_NTZ,N,,,최초 적재 시각 (공통감사),공통감사
CRM_RELATION_ACTIVITY,결연활동 1건,결연,DW_UPDATE_TS,TIMESTAMP_NTZ,Y,,,최종 갱신 시각 (공통감사),공통감사
CRM_RELATION_ACTIVITY,결연활동 1건,결연,DW_BATCH_ID,VARCHAR,Y,,,적재 배치 식별자 = dbt invocation_id (공통감사),공통감사
CRM_SEND_MEMBER,발송x회원,발송,SNDNG_KEY,"NUMBER(10,0)",N,"PK,FK",CRM_SEND_REQUEST.SNDNG_KEY※비강제,"발송키 (PK, →CRM_SEND_REQUEST)",
CRM_SEND_MEMBER,발송x회원,발송,SNDNG_DTL_KEY,"NUMBER(10,0)",N,PK,,발송상세키 (PK),
CRM_SEND_MEMBER,발송x회원,발송,MBER_NO,VARCHAR(255),Y,FK,CRM_MEMBER.MEMBER_DK※비강제,회원번호,
CRM_SEND_MEMBER,발송x회원,발송,SNDNG_DE,TIMESTAMP_NTZ,Y,,,발송일시,
CRM_SEND_MEMBER,발송x회원,발송,SNDNG_RST_CD,VARCHAR(255),Y,,,발송결과코드,CASE 매핑
CRM_SEND_MEMBER,발송x회원,발송,SEND_CHANNEL,VARCHAR,Y,,,발송채널,파생
CRM_SEND_MEMBER,발송x회원,발송,DW_SOURCE_SYSTEM,VARCHAR,N,,,원천 시스템 식별 (공통감사),공통감사
CRM_SEND_MEMBER,발송x회원,발송,DW_SOURCE_TABLE,VARCHAR,Y,,,원천 테이블 식별 (공통감사),공통감사
CRM_SEND_MEMBER,발송x회원,발송,DW_LOAD_TS,TIMESTAMP_NTZ,N,,,최초 적재 시각 (공통감사),공통감사
CRM_SEND_MEMBER,발송x회원,발송,DW_UPDATE_TS,TIMESTAMP_NTZ,Y,,,최종 갱신 시각 (공통감사),공통감사
CRM_SEND_MEMBER,발송x회원,발송,DW_BATCH_ID,VARCHAR,Y,,,적재 배치 식별자 = dbt invocation_id (공통감사),공통감사
CRM_SEND_REQUEST,발송요청 1건,발송,SNDNG_KEY,"NUMBER(10,0)",N,PK,,발송키 (PK),
CRM_SEND_REQUEST,발송요청 1건,발송,SEND_CHANNEL,VARCHAR,Y,,,발송채널 (SND/SMS/EMAIL 등),파생
CRM_SEND_REQUEST,발송요청 1건,발송,SNDNG_TY_CD,VARCHAR(3),Y,,CRM_CODE※비강제,발송유형코드,
CRM_SEND_REQUEST,발송요청 1건,발송,SEND_GBN_TOP,VARCHAR(255),Y,,,발송구분 대분류코드 [S-5 G2] DIM_SERVICE 대(SND 채널만),
CRM_SEND_REQUEST,발송요청 1건,발송,SEND_GBN_TOP_NM,VARCHAR(255),Y,,,발송구분 대분류명 [S-5 G2],
CRM_SEND_REQUEST,발송요청 1건,발송,SEND_GBN_MID,VARCHAR(255),Y,,,발송구분 중분류코드 [S-5 G2] DIM_SERVICE 중,
CRM_SEND_REQUEST,발송요청 1건,발송,SEND_GBN_MID_NM,VARCHAR(255),Y,,,발송구분 중분류명 [S-5 G2],
CRM_SEND_REQUEST,발송요청 1건,발송,SEND_GBN_BOT,VARCHAR(255),Y,,,발송구분 소분류코드 [S-5 G2] DIM_SERVICE 소,
CRM_SEND_REQUEST,발송요청 1건,발송,SEND_GBN_BOT_NM,VARCHAR(255),Y,,,발송구분 소분류명 [S-5 G2],
CRM_SEND_REQUEST,발송요청 1건,발송,TIT,VARCHAR(255),Y,,,발송 제목,
CRM_SEND_REQUEST,발송요청 1건,발송,SNDNG_STDR_DE,TIMESTAMP_NTZ,Y,,,발송 기준일시,
CRM_SEND_REQUEST,발송요청 1건,발송,REQ_SEQ_NO,"NUMBER(19,0)",Y,,,요청 일련번호,
CRM_SEND_REQUEST,발송요청 1건,발송,DW_SOURCE_SYSTEM,VARCHAR,N,,,원천 시스템 식별 (공통감사),공통감사
CRM_SEND_REQUEST,발송요청 1건,발송,DW_SOURCE_TABLE,VARCHAR,Y,,,원천 테이블 식별 (공통감사),공통감사
CRM_SEND_REQUEST,발송요청 1건,발송,DW_LOAD_TS,TIMESTAMP_NTZ,N,,,최초 적재 시각 (공통감사),공통감사
CRM_SEND_REQUEST,발송요청 1건,발송,DW_UPDATE_TS,TIMESTAMP_NTZ,Y,,,최종 갱신 시각 (공통감사),공통감사
CRM_SEND_REQUEST,발송요청 1건,발송,DW_BATCH_ID,VARCHAR,Y,,,적재 배치 식별자 = dbt invocation_id (공통감사),공통감사
CRM_SEND_RESULT,발송x채널 집계,발송,SNDNG_KEY,"NUMBER(10,0)",N,"PK,FK",CRM_SEND_REQUEST.SNDNG_KEY※비강제,"발송키 (PK, →CRM_SEND_REQUEST)",
CRM_SEND_RESULT,발송x채널 집계,발송,SEND_CHANNEL,VARCHAR,N,PK,,발송채널 (PK),파생
CRM_SEND_RESULT,발송x채널 집계,발송,SNDNG_CNT,"NUMBER(10,0)",Y,,,발송 건수,measure
CRM_SEND_RESULT,발송x채널 집계,발송,SUCCES_CNT,"NUMBER(10,0)",Y,,,성공 건수,measure
CRM_SEND_RESULT,발송x채널 집계,발송,FAILR_CNT,"NUMBER(10,0)",Y,,,실패 건수,measure
CRM_SEND_RESULT,발송x채널 집계,발송,TOT_CLICK_CNT,"NUMBER(38,0)",Y,,,총 클릭수,
CRM_SEND_RESULT,발송x채널 집계,발송,DW_SOURCE_SYSTEM,VARCHAR,N,,,원천 시스템 식별 (공통감사),공통감사
CRM_SEND_RESULT,발송x채널 집계,발송,DW_SOURCE_TABLE,VARCHAR,Y,,,원천 테이블 식별 (공통감사),공통감사
CRM_SEND_RESULT,발송x채널 집계,발송,DW_LOAD_TS,TIMESTAMP_NTZ,N,,,최초 적재 시각 (공통감사),공통감사
CRM_SEND_RESULT,발송x채널 집계,발송,DW_UPDATE_TS,TIMESTAMP_NTZ,Y,,,최종 갱신 시각 (공통감사),공통감사
CRM_SEND_RESULT,발송x채널 집계,발송,DW_BATCH_ID,VARCHAR,Y,,,적재 배치 식별자 = dbt invocation_id (공통감사),공통감사
CRM_SPONSORSHIP,1후원사업,마스터,SPNSR_BSNS_ID,VARCHAR(20),N,PK,,후원사업ID (PK),
CRM_SPONSORSHIP,1후원사업,마스터,SPNSR_BSNS_NM,VARCHAR(50),Y,,,후원사업명,
CRM_SPONSORSHIP,1후원사업,마스터,SPNSR_BSNS_ABRV_CD,VARCHAR(3),Y,,,후원사업 약칭코드,
CRM_SPONSORSHIP,1후원사업,마스터,SPNSR_DIV_CD,VARCHAR(3),Y,,CRM_CODE※비강제,후원구분코드,
CRM_SPONSORSHIP,1후원사업,마스터,DNTN_TY_CD,VARCHAR(3),Y,,CRM_CODE※비강제,기부유형코드,
CRM_SPONSORSHIP,1후원사업,마스터,CPR_DIV_CD,VARCHAR(3),Y,,,법인구분코드,
CRM_SPONSORSHIP,1후원사업,마스터,DW_SOURCE_SYSTEM,VARCHAR,N,,,원천 시스템 식별 (공통감사),공통감사
CRM_SPONSORSHIP,1후원사업,마스터,DW_LOAD_TS,TIMESTAMP_NTZ,N,,,최초 적재 시각 (공통감사),공통감사
CRM_SPONSORSHIP,1후원사업,마스터,DW_UPDATE_TS,TIMESTAMP_NTZ,Y,,,최종 갱신 시각 (공통감사),공통감사
CRM_SPONSORSHIP,1후원사업,마스터,DW_BATCH_ID,VARCHAR,Y,,,적재 배치 식별자 = dbt invocation_id (공통감사),공통감사
CRM_SPONSOR_RELATION,결연 1건,결연,RELATNSP_KEY,"NUMBER(10,0)",N,PK,,결연키 (PK),
CRM_SPONSOR_RELATION,결연 1건,결연,SPNSR_NO,VARCHAR(9),Y,,,후원번호,
CRM_SPONSOR_RELATION,결연 1건,결연,SPNSR_BSNS_NO,"NUMBER(19,0)",Y,,,후원사업번호,
CRM_SPONSOR_RELATION,결연 1건,결연,SPNSR_BSNS_ID,VARCHAR(20),Y,FK,CRM_SPONSORSHIP.SPNSR_BSNS_ID※비강제,후원사업ID (Q15 크로스워크 파생),
CRM_SPONSOR_RELATION,결연 1건,결연,CHILD_CD,"NUMBER(10,0)",Y,,,결연아동코드,DIM_MEMBER_IDENTITY 아동
CRM_SPONSOR_RELATION,결연 1건,결연,MBER_NO,VARCHAR(10),Y,FK,CRM_MEMBER.MEMBER_DK※비강제,회원번호,
CRM_SPONSOR_RELATION,결연 1건,결연,RELATNSP_STRT_DE,DATE,Y,,,결연 시작일,
CRM_SPONSOR_RELATION,결연 1건,결연,RELATNSP_DSCNTC_DE,DATE,Y,,,결연 중단일,
CRM_SPONSOR_RELATION,결연 1건,결연,RELATNSP_DSCNTC_YN,VARCHAR(1),Y,,,결연 중단여부 (Y/N),
CRM_SPONSOR_RELATION,결연 1건,결연,DW_SOURCE_SYSTEM,VARCHAR,N,,,원천 시스템 식별 (공통감사),공통감사
CRM_SPONSOR_RELATION,결연 1건,결연,DW_LOAD_TS,TIMESTAMP_NTZ,N,,,최초 적재 시각 (공통감사),공통감사
CRM_SPONSOR_RELATION,결연 1건,결연,DW_UPDATE_TS,TIMESTAMP_NTZ,Y,,,최종 갱신 시각 (공통감사),공통감사
CRM_SPONSOR_RELATION,결연 1건,결연,DW_BATCH_ID,VARCHAR,Y,,,적재 배치 식별자 = dbt invocation_id (공통감사),공통감사
ERP_BIZ_TARGET,사업목표 1건(BIZ_TARGET_DK),ERP,BIZ_TARGET_DK,VARCHAR,N,PK,,사업목표 대체키 (PK),
ERP_BIZ_TARGET,사업목표 1건(BIZ_TARGET_DK),ERP,TARGET_YEAR,"NUMBER(4,0)",Y,,,목표연도 YYYY,
ERP_BIZ_TARGET,사업목표 1건(BIZ_TARGET_DK),ERP,MONTH_NO,"NUMBER(2,0)",Y,,,월 1~12,
ERP_BIZ_TARGET,사업목표 1건(BIZ_TARGET_DK),ERP,MONTH_KEY,VARCHAR(6),Y,,,월키 YYYYMM,
ERP_BIZ_TARGET,사업목표 1건(BIZ_TARGET_DK),ERP,ORG_NM,VARCHAR,Y,,,"조직 (이름, 코드 없음)",
ERP_BIZ_TARGET,사업목표 1건(BIZ_TARGET_DK),ERP,SPONSOR_BIZ_NM,VARCHAR,Y,,,후원사업,
ERP_BIZ_TARGET,사업목표 1건(BIZ_TARGET_DK),ERP,CAMPAIGN_NM,VARCHAR,Y,,,캠페인 (연결키 부재 Q10 — nullable),
ERP_BIZ_TARGET,사업목표 1건(BIZ_TARGET_DK),ERP,TARGET_AMT,"NUMBER(38,0)",Y,,,연/추경 (누계)목표 금액 원단위,
ERP_BIZ_TARGET,사업목표 1건(BIZ_TARGET_DK),ERP,DW_SOURCE_SYSTEM,VARCHAR,N,,,원천 시스템 식별 (공통감사),공통감사
ERP_BIZ_TARGET,사업목표 1건(BIZ_TARGET_DK),ERP,DW_SOURCE_TABLE,VARCHAR,Y,,,원천 테이블 식별 (공통감사),공통감사
ERP_BIZ_TARGET,사업목표 1건(BIZ_TARGET_DK),ERP,DW_LOAD_TS,TIMESTAMP_NTZ,N,,,최초 적재 시각 (공통감사),공통감사
ERP_BIZ_TARGET,사업목표 1건(BIZ_TARGET_DK),ERP,DW_UPDATE_TS,TIMESTAMP_NTZ,Y,,,최종 갱신 시각 (공통감사),공통감사
ERP_BIZ_TARGET,사업목표 1건(BIZ_TARGET_DK),ERP,DW_BATCH_ID,VARCHAR,Y,,,적재 배치 식별자 = dbt invocation_id (공통감사),공통감사
ERP_BUDGET,예산과목x월,ERP,BUDGET_ITEM_DK,VARCHAR,N,PK,ERP_BUDGET_ITEM※비강제,"예산과목 대체키 (PK, →ERP_BUDGET_ITEM)",
ERP_BUDGET,예산과목x월,ERP,BUDGET_YEAR,"NUMBER(4,0)",Y,,,예산연도 YYYY,
ERP_BUDGET,예산과목x월,ERP,MONTH_NO,"NUMBER(2,0)",N,PK,,월 1~12 (PK),
ERP_BUDGET,예산과목x월,ERP,MONTH_KEY,VARCHAR,Y,,,월키 YYYYMM,
ERP_BUDGET,예산과목x월,ERP,YEAR_BUDGET_AMT,"NUMBER(38,0)",Y,,,편성(연예산) 금액 원단위,
ERP_BUDGET,예산과목x월,ERP,CHN_BUDGET_AMT,"NUMBER(38,0)",Y,,,추경 금액 원단위,
ERP_BUDGET,예산과목x월,ERP,ADJ_BUDGET_AMT,"NUMBER(38,0)",Y,,,조정 금액 원단위,
ERP_BUDGET,예산과목x월,ERP,EXEC_AMT,"NUMBER(38,0)",Y,,,집행 금액 원단위,
ERP_BUDGET,예산과목x월,ERP,DW_SOURCE_SYSTEM,VARCHAR,N,,,원천 시스템 식별 (공통감사),공통감사
ERP_BUDGET,예산과목x월,ERP,DW_SOURCE_TABLE,VARCHAR,Y,,,원천 테이블 식별 (공통감사),공통감사
ERP_BUDGET,예산과목x월,ERP,DW_LOAD_TS,TIMESTAMP_NTZ,N,,,최초 적재 시각 (공통감사),공통감사
ERP_BUDGET,예산과목x월,ERP,DW_UPDATE_TS,TIMESTAMP_NTZ,Y,,,최종 갱신 시각 (공통감사),공통감사
ERP_BUDGET,예산과목x월,ERP,DW_BATCH_ID,VARCHAR,Y,,,적재 배치 식별자 = dbt invocation_id (공통감사),공통감사
ERP_BUDGET_ITEM,예산과목 1건(BUDGET_ITEM_DK),ERP,BUDGET_ITEM_DK,VARCHAR,N,PK,,MD5 해시 대체키 (PK) = MD5(연도|수입지출|예산단위|장|관|항|목|세목|세세목|재원),
ERP_BUDGET_ITEM,예산과목 1건(BUDGET_ITEM_DK),ERP,BUDGET_YEAR,"NUMBER(4,0)",Y,,,예산연도 YYYY,
ERP_BUDGET_ITEM,예산과목 1건(BUDGET_ITEM_DK),ERP,INCOME_EXPENSE_DIV,VARCHAR,Y,,,수입/지출 구분,
ERP_BUDGET_ITEM,예산과목 1건(BUDGET_ITEM_DK),ERP,BUDGET_UNIT_NM,VARCHAR,Y,,,"예산단위 (=조직명, 코드 없음)",
ERP_BUDGET_ITEM,예산과목 1건(BUDGET_ITEM_DK),ERP,JANG_NM,VARCHAR,Y,,,예산과목 1단계 장,
ERP_BUDGET_ITEM,예산과목 1건(BUDGET_ITEM_DK),ERP,KWAN_NM,VARCHAR,Y,,,예산과목 2단계 관,
ERP_BUDGET_ITEM,예산과목 1건(BUDGET_ITEM_DK),ERP,HANG_NM,VARCHAR,Y,,,예산과목 3단계 항,
ERP_BUDGET_ITEM,예산과목 1건(BUDGET_ITEM_DK),ERP,MOK_NM,VARCHAR,Y,,,예산과목 4단계 목,
ERP_BUDGET_ITEM,예산과목 1건(BUDGET_ITEM_DK),ERP,DTL_ITEM_NM,VARCHAR,Y,,,예산과목 5단계 세목,
ERP_BUDGET_ITEM,예산과목 1건(BUDGET_ITEM_DK),ERP,SUBDTL_ITEM_NM,VARCHAR,Y,,,예산과목 6단계 세세목,
ERP_BUDGET_ITEM,예산과목 1건(BUDGET_ITEM_DK),ERP,FUND_SOURCE_NM,VARCHAR,Y,,,재원,
ERP_BUDGET_ITEM,예산과목 1건(BUDGET_ITEM_DK),ERP,DW_SOURCE_SYSTEM,VARCHAR,N,,,원천 시스템 식별 (공통감사),공통감사
ERP_BUDGET_ITEM,예산과목 1건(BUDGET_ITEM_DK),ERP,DW_SOURCE_TABLE,VARCHAR,Y,,,원천 테이블 식별 (공통감사),공통감사
ERP_BUDGET_ITEM,예산과목 1건(BUDGET_ITEM_DK),ERP,DW_LOAD_TS,TIMESTAMP_NTZ,N,,,최초 적재 시각 (공통감사),공통감사
ERP_BUDGET_ITEM,예산과목 1건(BUDGET_ITEM_DK),ERP,DW_UPDATE_TS,TIMESTAMP_NTZ,Y,,,최종 갱신 시각 (공통감사),공통감사
ERP_BUDGET_ITEM,예산과목 1건(BUDGET_ITEM_DK),ERP,DW_BATCH_ID,VARCHAR,Y,,,적재 배치 식별자 = dbt invocation_id (공통감사),공통감사
GA4_DEVICE,device_type × device_category × platform DISTINCT,GA4-디바이스,DEVICE_TYPE,VARCHAR(10),N,,,디바이스 유형 PC/M/APP(파생) → DIM_DEVICE 핵심,파생; Gold DIM_DEVICE 핵심 컬럼
GA4_DEVICE,device_type × device_category × platform DISTINCT,GA4-디바이스,PLATFORM,VARCHAR,Y,,,플랫폼 WEB/ANDROID/IOS (O2 conform 대기),
GA4_DEVICE,device_type × device_category × platform DISTINCT,GA4-디바이스,DEVICE_CATEGORY,VARCHAR,Y,,,디바이스 카테고리 (원본),
GA4_DEVICE,device_type × device_category × platform DISTINCT,GA4-디바이스,OS,VARCHAR,Y,,,운영체제,
GA4_DEVICE,device_type × device_category × platform DISTINCT,GA4-디바이스,BROWSER,VARCHAR,Y,,,브라우저,
GA4_DEVICE,device_type × device_category × platform DISTINCT,GA4-디바이스,LANGUAGE,VARCHAR,Y,,,언어,
GA4_DEVICE,device_type × device_category × platform DISTINCT,GA4-디바이스,DW_SOURCE_SYSTEM,VARCHAR,N,,,원천 시스템 식별 (공통감사),공통감사
GA4_DEVICE,device_type × device_category × platform DISTINCT,GA4-디바이스,DW_SOURCE_TABLE,VARCHAR,Y,,,원천 테이블 식별 (공통감사),공통감사
GA4_DEVICE,device_type × device_category × platform DISTINCT,GA4-디바이스,DW_LOAD_TS,TIMESTAMP_NTZ,N,,,최초 적재 시각 (공통감사),공통감사
GA4_DEVICE,device_type × device_category × platform DISTINCT,GA4-디바이스,DW_UPDATE_TS,TIMESTAMP_NTZ,Y,,,최종 갱신 시각 (공통감사),공통감사
GA4_DEVICE,device_type × device_category × platform DISTINCT,GA4-디바이스,DW_BATCH_ID,VARCHAR,Y,,,적재 배치 식별자 = dbt invocation_id (공통감사),공통감사
GA4_EVENT,1이벤트(USER_PSEUDO_ID × EVENT_TIMESTAMP × EVENT_NAME × BATCH_ORDERING_ID),GA4-이벤트,USER_PSEUDO_ID,VARCHAR,N,PK,,세션 스파인 (PK),
GA4_EVENT,1이벤트(USER_PSEUDO_ID × EVENT_TIMESTAMP × EVENT_NAME × BATCH_ORDERING_ID),GA4-이벤트,EVENT_TIMESTAMP,"NUMBER(38,0)",N,PK,,"UTC microsec (원본, 불변) (PK)",
GA4_EVENT,1이벤트(USER_PSEUDO_ID × EVENT_TIMESTAMP × EVENT_NAME × BATCH_ORDERING_ID),GA4-이벤트,EVENT_NAME,VARCHAR,N,PK,,이벤트명 (PK),
GA4_EVENT,1이벤트(USER_PSEUDO_ID × EVENT_TIMESTAMP × EVENT_NAME × BATCH_ORDERING_ID),GA4-이벤트,BATCH_ORDERING_ID,"NUMBER(38,0)",N,PK,,"배치 내 정렬 ID (PK, dedup 보조)",
GA4_EVENT,1이벤트(USER_PSEUDO_ID × EVENT_TIMESTAMP × EVENT_NAME × BATCH_ORDERING_ID),GA4-이벤트,EVENT_DATE,VARCHAR,Y,,,원본 YYYYMMDD (date-shard),date-shard 파티션 기준
GA4_EVENT,1이벤트(USER_PSEUDO_ID × EVENT_TIMESTAMP × EVENT_NAME × BATCH_ORDERING_ID),GA4-이벤트,EVENT_DT,DATE,Y,,,"파생: TO_DATE(event_date,'YYYYMMDD')",파생 — TO_DATE(EVENT_DATE)
GA4_EVENT,1이벤트(USER_PSEUDO_ID × EVENT_TIMESTAMP × EVENT_NAME × BATCH_ORDERING_ID),GA4-이벤트,EVENT_TS,TIMESTAMP_NTZ,Y,,,파생: TO_TIMESTAMP(event_timestamp/1e6),파생 — TO_TIMESTAMP(EVENT_TIMESTAMP/1000000)
GA4_EVENT,1이벤트(USER_PSEUDO_ID × EVENT_TIMESTAMP × EVENT_NAME × BATCH_ORDERING_ID),GA4-이벤트,USER_ID,VARCHAR,Y,,,CRM 회원번호(Q1),⚠️ VARCHAR 필수(선행0·S접두 보존 — NUMBER 캐스팅 금지)
GA4_EVENT,1이벤트(USER_PSEUDO_ID × EVENT_TIMESTAMP × EVENT_NAME × BATCH_ORDERING_ID),GA4-이벤트,GA_SESSION_ID,"NUMBER(38,0)",Y,,,GA 세션ID (event_params 승격),세션키 = USER_PSEUDO_ID + GA_SESSION_ID
GA4_EVENT,1이벤트(USER_PSEUDO_ID × EVENT_TIMESTAMP × EVENT_NAME × BATCH_ORDERING_ID),GA4-이벤트,GA_SESSION_NUMBER,"NUMBER(38,0)",Y,,,GA 세션 번호,
GA4_EVENT,1이벤트(USER_PSEUDO_ID × EVENT_TIMESTAMP × EVENT_NAME × BATCH_ORDERING_ID),GA4-이벤트,GA_SESSION_KEY,VARCHAR,Y,,,파생: user_pseudo_id∥'-'∥ga_session_id (세션 자연키),
GA4_EVENT,1이벤트(USER_PSEUDO_ID × EVENT_TIMESTAMP × EVENT_NAME × BATCH_ORDERING_ID),GA4-이벤트,USER_ID_FILLED,VARCHAR,Y,,,파생: 세션 전파 회원번호(07 §5-A) — 회원 귀속용,
GA4_EVENT,1이벤트(USER_PSEUDO_ID × EVENT_TIMESTAMP × EVENT_NAME × BATCH_ORDERING_ID),GA4-이벤트,ID_RESOLUTION,VARCHAR(20),Y,,,신원해소 신뢰도 DIRECT/SESSION_FILL/UNRESOLVED/CONFLICT,
GA4_EVENT,1이벤트(USER_PSEUDO_ID × EVENT_TIMESTAMP × EVENT_NAME × BATCH_ORDERING_ID),GA4-이벤트,SESSION_ENGAGED,VARCHAR,Y,,,세션 engaged 여부 (,⚠️ 혼합타입 실증(string 988 + int 12) → COALESCE 후 VARCHAR 저장
GA4_EVENT,1이벤트(USER_PSEUDO_ID × EVENT_TIMESTAMP × EVENT_NAME × BATCH_ORDERING_ID),GA4-이벤트,ENGAGEMENT_TIME_MSEC,"NUMBER(38,0)",Y,,,"참여시간 msec (비가산 raw, O1)",
GA4_EVENT,1이벤트(USER_PSEUDO_ID × EVENT_TIMESTAMP × EVENT_NAME × BATCH_ORDERING_ID),GA4-이벤트,PAGE_LOCATION,VARCHAR,Y,,,페이지 URL,
GA4_EVENT,1이벤트(USER_PSEUDO_ID × EVENT_TIMESTAMP × EVENT_NAME × BATCH_ORDERING_ID),GA4-이벤트,PAGE_TITLE,VARCHAR,Y,,,페이지 제목,
GA4_EVENT,1이벤트(USER_PSEUDO_ID × EVENT_TIMESTAMP × EVENT_NAME × BATCH_ORDERING_ID),GA4-이벤트,PAGE_REFERRER,VARCHAR,Y,,,리퍼러 URL,
GA4_EVENT,1이벤트(USER_PSEUDO_ID × EVENT_TIMESTAMP × EVENT_NAME × BATCH_ORDERING_ID),GA4-이벤트,EVENT_CATEGORY,VARCHAR,Y,,,이벤트 카테고리,
GA4_EVENT,1이벤트(USER_PSEUDO_ID × EVENT_TIMESTAMP × EVENT_NAME × BATCH_ORDERING_ID),GA4-이벤트,EVENT_ACTION,VARCHAR,Y,,,이벤트 액션,
GA4_EVENT,1이벤트(USER_PSEUDO_ID × EVENT_TIMESTAMP × EVENT_NAME × BATCH_ORDERING_ID),GA4-이벤트,EVENT_LABEL,VARCHAR,Y,,,이벤트 라벨 (,⚠️ 혼합타입 string+int → COALESCE
GA4_EVENT,1이벤트(USER_PSEUDO_ID × EVENT_TIMESTAMP × EVENT_NAME × BATCH_ORDERING_ID),GA4-이벤트,PERCENT_SCROLLED,"NUMBER(38,0)",Y,,,스크롤 비율,
GA4_EVENT,1이벤트(USER_PSEUDO_ID × EVENT_TIMESTAMP × EVENT_NAME × BATCH_ORDERING_ID),GA4-이벤트,LINK_URL,VARCHAR,Y,,,클릭 링크 URL,
GA4_EVENT,1이벤트(USER_PSEUDO_ID × EVENT_TIMESTAMP × EVENT_NAME × BATCH_ORDERING_ID),GA4-이벤트,LINK_TEXT,VARCHAR,Y,,,클릭 링크 텍스트,
GA4_EVENT,1이벤트(USER_PSEUDO_ID × EVENT_TIMESTAMP × EVENT_NAME × BATCH_ORDERING_ID),GA4-이벤트,DEVICE_TYPE,VARCHAR(10),Y,,,디바이스 유형 파생 PC/M/APP,파생
GA4_EVENT,1이벤트(USER_PSEUDO_ID × EVENT_TIMESTAMP × EVENT_NAME × BATCH_ORDERING_ID),GA4-이벤트,DEVICE_CATEGORY,VARCHAR,Y,,,디바이스 카테고리 (원본),
GA4_EVENT,1이벤트(USER_PSEUDO_ID × EVENT_TIMESTAMP × EVENT_NAME × BATCH_ORDERING_ID),GA4-이벤트,OS,VARCHAR,Y,,,운영체제,
GA4_EVENT,1이벤트(USER_PSEUDO_ID × EVENT_TIMESTAMP × EVENT_NAME × BATCH_ORDERING_ID),GA4-이벤트,GEO_COUNTRY,VARCHAR,Y,,,국가,
GA4_EVENT,1이벤트(USER_PSEUDO_ID × EVENT_TIMESTAMP × EVENT_NAME × BATCH_ORDERING_ID),GA4-이벤트,GEO_CITY,VARCHAR,Y,,,도시,
GA4_EVENT,1이벤트(USER_PSEUDO_ID × EVENT_TIMESTAMP × EVENT_NAME × BATCH_ORDERING_ID),GA4-이벤트,UTM_SOURCE,VARCHAR,Y,,,UTM source (센티넬 NULLIF),센티넬 NULLIF
GA4_EVENT,1이벤트(USER_PSEUDO_ID × EVENT_TIMESTAMP × EVENT_NAME × BATCH_ORDERING_ID),GA4-이벤트,UTM_MEDIUM,VARCHAR,Y,,,UTM medium,센티넬 NULLIF
GA4_EVENT,1이벤트(USER_PSEUDO_ID × EVENT_TIMESTAMP × EVENT_NAME × BATCH_ORDERING_ID),GA4-이벤트,UTM_CAMPAIGN,VARCHAR,Y,,,UTM campaign,
GA4_EVENT,1이벤트(USER_PSEUDO_ID × EVENT_TIMESTAMP × EVENT_NAME × BATCH_ORDERING_ID),GA4-이벤트,DEFAULT_CHANNEL_GROUP,VARCHAR,Y,,,기본 채널그룹,정규화 금지(정상 라벨)
GA4_EVENT,1이벤트(USER_PSEUDO_ID × EVENT_TIMESTAMP × EVENT_NAME × BATCH_ORDERING_ID),GA4-이벤트,PLATFORM,VARCHAR,Y,,,플랫폼 WEB/ANDROID/IOS,
GA4_EVENT,1이벤트(USER_PSEUDO_ID × EVENT_TIMESTAMP × EVENT_NAME × BATCH_ORDERING_ID),GA4-이벤트,IS_ACTIVE_USER,BOOLEAN,Y,,,활성 사용자 여부,
GA4_EVENT,1이벤트(USER_PSEUDO_ID × EVENT_TIMESTAMP × EVENT_NAME × BATCH_ORDERING_ID),GA4-이벤트,DW_SOURCE_SYSTEM,VARCHAR,N,,,원천 시스템 식별 (공통감사),공통감사
GA4_EVENT,1이벤트(USER_PSEUDO_ID × EVENT_TIMESTAMP × EVENT_NAME × BATCH_ORDERING_ID),GA4-이벤트,DW_SOURCE_TABLE,VARCHAR,Y,,,원천 테이블 식별 (공통감사),공통감사
GA4_EVENT,1이벤트(USER_PSEUDO_ID × EVENT_TIMESTAMP × EVENT_NAME × BATCH_ORDERING_ID),GA4-이벤트,DW_LOAD_TS,TIMESTAMP_NTZ,N,,,최초 적재 시각 (공통감사),공통감사
GA4_EVENT,1이벤트(USER_PSEUDO_ID × EVENT_TIMESTAMP × EVENT_NAME × BATCH_ORDERING_ID),GA4-이벤트,DW_UPDATE_TS,TIMESTAMP_NTZ,Y,,,최종 갱신 시각 (공통감사),공통감사
GA4_EVENT,1이벤트(USER_PSEUDO_ID × EVENT_TIMESTAMP × EVENT_NAME × BATCH_ORDERING_ID),GA4-이벤트,DW_BATCH_ID,VARCHAR,Y,,,적재 배치 식별자 = dbt invocation_id (공통감사),공통감사
GA4_EVENT_DIM,event_name × category × label × action DISTINCT,GA4-이벤트분류,EVENT_NAME,VARCHAR,N,,,이벤트명 (그레인 핵심키),
GA4_EVENT_DIM,event_name × category × label × action DISTINCT,GA4-이벤트분류,EVENT_CATEGORY,VARCHAR,Y,,,이벤트 카테고리,
GA4_EVENT_DIM,event_name × category × label × action DISTINCT,GA4-이벤트분류,EVENT_LABEL,VARCHAR,Y,,,이벤트 라벨 (,⚠️ 혼합타입 실증(string 332 + int 205) → COALESCE(string_value::STRING · int_value::STRING)
GA4_EVENT_DIM,event_name × category × label × action DISTINCT,GA4-이벤트분류,EVENT_ACTION,VARCHAR,Y,,,이벤트 액션,
GA4_EVENT_DIM,event_name × category × label × action DISTINCT,GA4-이벤트분류,DW_SOURCE_SYSTEM,VARCHAR,N,,,원천 시스템 식별 (공통감사),공통감사
GA4_EVENT_DIM,event_name × category × label × action DISTINCT,GA4-이벤트분류,DW_SOURCE_TABLE,VARCHAR,Y,,,원천 테이블 식별 (공통감사),공통감사
GA4_EVENT_DIM,event_name × category × label × action DISTINCT,GA4-이벤트분류,DW_LOAD_TS,TIMESTAMP_NTZ,N,,,최초 적재 시각 (공통감사),공통감사
GA4_EVENT_DIM,event_name × category × label × action DISTINCT,GA4-이벤트분류,DW_UPDATE_TS,TIMESTAMP_NTZ,Y,,,최종 갱신 시각 (공통감사),공통감사
GA4_EVENT_DIM,event_name × category × label × action DISTINCT,GA4-이벤트분류,DW_BATCH_ID,VARCHAR,Y,,,적재 배치 식별자 = dbt invocation_id (공통감사),공통감사
GA4_IDENTITY,USER_PSEUDO_ID(× USER_ID),GA4-신원,USER_PSEUDO_ID,VARCHAR,N,PK,,세션 스파인 (PK),
GA4_IDENTITY,USER_PSEUDO_ID(× USER_ID),GA4-신원,GA_MEMBER_ID,VARCHAR,Y,,,= user_id_filled(세션 채움 후 회원번호),⚠️ VARCHAR 필수 — NUMBER 캐스팅 금지(선행0·S접두 소실)
GA4_IDENTITY,USER_PSEUDO_ID(× USER_ID),GA4-신원,MEMBER_TYPE,VARCHAR(10),Y,,ONCE※비강제,파생: 'S%'→ONCE else FDRM,파생 — CASE WHEN GA_MEMBER_ID ILIKE 'S%' THEN 'ONCE' ELSE 'FDRM'
GA4_IDENTITY,USER_PSEUDO_ID(× USER_ID),GA4-신원,MBER_NO,VARCHAR,Y,FK,TM_MM_FDRM_MBER_INFO.MBER_NO※비강제,정기 회원번호 ※비강제 FK→TM_MM_FDRM_MBER_INFO.MBER_NO(파생),파생 — IFF(MEMBER_TYPE='FDRM' · GA_MEMBER_ID · NULL)
GA4_IDENTITY,USER_PSEUDO_ID(× USER_ID),GA4-신원,ONCE_MBER_NO,VARCHAR,Y,FK,TM_MM_ONCE_MBER_INFO.ONCE_MBER_NO※비강제,일시 회원번호 ※비강제 FK→TM_MM_ONCE_MBER_INFO.ONCE_MBER_NO(파생),파생 — IFF(MEMBER_TYPE='ONCE' · GA_MEMBER_ID · NULL)
GA4_IDENTITY,USER_PSEUDO_ID(× USER_ID),GA4-신원,ID_RESOLUTION,VARCHAR(20),Y,,,신원해소 신뢰도 DIRECT/SESSION_FILL,
GA4_IDENTITY,USER_PSEUDO_ID(× USER_ID),GA4-신원,DW_SOURCE_SYSTEM,VARCHAR,N,,,원천 시스템 식별 (공통감사),공통감사
GA4_IDENTITY,USER_PSEUDO_ID(× USER_ID),GA4-신원,DW_SOURCE_TABLE,VARCHAR,Y,,,원천 테이블 식별 (공통감사),공통감사
GA4_IDENTITY,USER_PSEUDO_ID(× USER_ID),GA4-신원,DW_LOAD_TS,TIMESTAMP_NTZ,N,,,최초 적재 시각 (공통감사),공통감사
GA4_IDENTITY,USER_PSEUDO_ID(× USER_ID),GA4-신원,DW_UPDATE_TS,TIMESTAMP_NTZ,Y,,,최종 갱신 시각 (공통감사),공통감사
GA4_IDENTITY,USER_PSEUDO_ID(× USER_ID),GA4-신원,DW_BATCH_ID,VARCHAR,Y,,,적재 배치 식별자 = dbt invocation_id (공통감사),공통감사
GA4_TRAFFIC_SOURCE,source/medium/campaign/content/term DISTINCT,GA4-소스,UTM_SOURCE,VARCHAR,Y,,,UTM source (센티넬 NULLIF (not set)/(direct)),센티넬 NULLIF 적용 — (not set)·(direct) → NULL
GA4_TRAFFIC_SOURCE,source/medium/campaign/content/term DISTINCT,GA4-소스,UTM_MEDIUM,VARCHAR,Y,,,UTM medium (센티넬 NULLIF (not set)/(none)/(direct)),(not set)·(none)·(direct) → NULL
GA4_TRAFFIC_SOURCE,source/medium/campaign/content/term DISTINCT,GA4-소스,UTM_CAMPAIGN,VARCHAR,Y,,,UTM campaign,센티넬 NULLIF
GA4_TRAFFIC_SOURCE,source/medium/campaign/content/term DISTINCT,GA4-소스,UTM_CONTENT,VARCHAR,Y,,,UTM content,
GA4_TRAFFIC_SOURCE,source/medium/campaign/content/term DISTINCT,GA4-소스,UTM_TERM,VARCHAR,Y,,,UTM term,
GA4_TRAFFIC_SOURCE,source/medium/campaign/content/term DISTINCT,GA4-소스,SOURCE_MEDIUM,VARCHAR,Y,,,파생 source / medium,파생
GA4_TRAFFIC_SOURCE,source/medium/campaign/content/term DISTINCT,GA4-소스,XCHAN_SOURCE,VARCHAR,Y,,,cross_channel_campaign source (동일 last-click variant),✅ 표본 1000/1000
GA4_TRAFFIC_SOURCE,source/medium/campaign/content/term DISTINCT,GA4-소스,XCHAN_MEDIUM,VARCHAR,Y,,,cross_channel_campaign medium,✅ 표본 1000/1000
GA4_TRAFFIC_SOURCE,source/medium/campaign/content/term DISTINCT,GA4-소스,XCHAN_CAMPAIGN,VARCHAR,Y,,,cross_channel_campaign campaign,
GA4_TRAFFIC_SOURCE,source/medium/campaign/content/term DISTINCT,GA4-소스,DEFAULT_CHANNEL_GROUP,VARCHAR,Y,,,기본 채널그룹 (,⚠️ 정규화 금지 — Direct·Unassigned·Organic Social 등 정상 라벨
GA4_TRAFFIC_SOURCE,source/medium/campaign/content/term DISTINCT,GA4-소스,DW_SOURCE_SYSTEM,VARCHAR,N,,,원천 시스템 식별 (공통감사),공통감사
GA4_TRAFFIC_SOURCE,source/medium/campaign/content/term DISTINCT,GA4-소스,DW_SOURCE_TABLE,VARCHAR,Y,,,원천 테이블 식별 (공통감사),공통감사
GA4_TRAFFIC_SOURCE,source/medium/campaign/content/term DISTINCT,GA4-소스,DW_LOAD_TS,TIMESTAMP_NTZ,N,,,최초 적재 시각 (공통감사),공통감사
GA4_TRAFFIC_SOURCE,source/medium/campaign/content/term DISTINCT,GA4-소스,DW_UPDATE_TS,TIMESTAMP_NTZ,Y,,,최종 갱신 시각 (공통감사),공통감사
GA4_TRAFFIC_SOURCE,source/medium/campaign/content/term DISTINCT,GA4-소스,DW_BATCH_ID,VARCHAR,Y,,,적재 배치 식별자 = dbt invocation_id (공통감사),공통감사
IDENTITY_MEMBER_XREF,USER_PSEUDO_ID 1건,신원,USER_PSEUDO_ID,VARCHAR,N,PK,,GA 세션 스파인 (PK),
IDENTITY_MEMBER_XREF,USER_PSEUDO_ID 1건,신원,GA_MEMBER_ID,VARCHAR,Y,,,GA측 회원번호(=user_id_filled),
IDENTITY_MEMBER_XREF,USER_PSEUDO_ID 1건,신원,MEMBER_TYPE,VARCHAR(10),Y,,,회원구분 ONCE(S%)/FDRM,
IDENTITY_MEMBER_XREF,USER_PSEUDO_ID 1건,신원,MEMBER_DK,VARCHAR(10),Y,,CRM_MEMBER.MEMBER_DK※비강제,매칭된 CRM 불변회원키(미매칭 NULL). ※비강제 FK→CRM_MEMBER.MEMBER_DK,
IDENTITY_MEMBER_XREF,USER_PSEUDO_ID 1건,신원,HOMEPAGE_ID,VARCHAR,Y,,,매칭 CRM 회원의 HMPG_ID(미매칭 NULL),
IDENTITY_MEMBER_XREF,USER_PSEUDO_ID 1건,신원,ID_RESOLUTION,VARCHAR(20),Y,,,GA측 신뢰도 passthrough: DIRECT/SESSION_FILL,
IDENTITY_MEMBER_XREF,USER_PSEUDO_ID 1건,신원,MATCH_METHOD,VARCHAR(30),Y,,,매칭방법 MEMBER_ID_EXACT / UNMATCHED,
IDENTITY_MEMBER_XREF,USER_PSEUDO_ID 1건,신원,MATCH_CONFIDENCE,VARCHAR(10),Y,,,매칭신뢰도 HIGH(exact+DIRECT) / MEDIUM(exact+SESSION_FILL) / NONE(미매칭),
IDENTITY_MEMBER_XREF,USER_PSEUDO_ID 1건,신원,DW_SOURCE_SYSTEM,VARCHAR,N,,,원천 시스템 식별 (공통감사),공통감사
IDENTITY_MEMBER_XREF,USER_PSEUDO_ID 1건,신원,DW_SOURCE_TABLE,VARCHAR,Y,,,원천 테이블 식별 (공통감사),공통감사
IDENTITY_MEMBER_XREF,USER_PSEUDO_ID 1건,신원,DW_LOAD_TS,TIMESTAMP_NTZ,N,,,최초 적재 시각 (공통감사),공통감사
IDENTITY_MEMBER_XREF,USER_PSEUDO_ID 1건,신원,DW_UPDATE_TS,TIMESTAMP_NTZ,Y,,,최종 갱신 시각 (공통감사),공통감사
IDENTITY_MEMBER_XREF,USER_PSEUDO_ID 1건,신원,DW_BATCH_ID,VARCHAR,Y,,,적재 배치 식별자 = dbt invocation_id (공통감사),공통감사
