NO,테이블명,컬럼순서,컬럼명,데이터타입,NULL허용,코드여부,코드그룹ID,컬럼설명(한글),비고
1,TD_MS_EMAIL_LQY_SNDNG,1,SNDNG_KEY,NUMBER,YES,N,,발신KEY,
2,TD_MS_EMAIL_LQY_SNDNG,2,MSG_ID,TEXT,YES,N,,메시지ID,
3,TD_MS_EMAIL_LQY_SNDNG,3,MKT_TRGET_CTNT,TEXT,YES,N,,마케팅대상내용,
4,TD_MS_EMAIL_LQY_SNDNG,4,SNDNG_CNT,NUMBER,YES,N,,발신건수,
5,TD_MS_EMAIL_LQY_SNDNG,5,SUCCES_CNT,NUMBER,YES,N,,성공건수,
6,TD_MS_EMAIL_LQY_SNDNG,6,FAILR_CNT,FLOAT,YES,N,,실패건수,
7,TD_MS_EMAIL_LQY_SNDNG,7,RECPTN_CNT,FLOAT,YES,N,,수신건수,
8,TD_MS_EMAIL_LQY_SNDNG,8,SNDNG_STRT_DT,TIMESTAMP_NTZ,YES,N,,발신시작일시,
9,TD_MS_EMAIL_LQY_SNDNG,9,SNDNG_END_DT,TIMESTAMP_NTZ,YES,N,,발신종료일시,
10,TD_MS_EMAIL_LQY_SNDNG,10,INFLOW_PATH_CTNT,TEXT,YES,N,,유입경로내용,
11,TD_MS_EMAIL_LQY_SNDNG,11,SNDNG_YEAR_CTNT,TEXT,YES,N,,발신년도내용,
12,TD_MS_EMAIL_LQY_SNDNG,12,SNDNG_MT_CTNT,TEXT,YES,N,,발신월내용,
13,TD_MS_EMAIL_LQY_SNDNG,13,SNDNG_TEAM_CTNT,TEXT,YES,N,,발신팀내용,
14,TD_MS_EMAIL_LQY_SNDNG,14,SUCCES_FAILR_CNT_CTNT,TEXT,YES,N,,성공실패건수내용,
15,TD_MS_EMAIL_LQY_SNDNG,15,URL_OTHBC_CNT_CTNT,TEXT,YES,N,,URL공개건수내용,
16,TD_MS_EMAIL_LQY_SNDNG,16,URL_OTHBC_RT_CTNT,TEXT,YES,N,,URL공개율내용,
17,TD_MS_EMAIL_LQY_SNDNG,17,SESION_VU_CTNT,TEXT,YES,N,,세션값내용,
18,TD_MS_EMAIL_LQY_SNDNG,18,SESION_PGE_CNT_CTNT,TEXT,YES,N,,세션페이지건수내용,
19,TD_MS_EMAIL_LQY_SNDNG,19,DVLP_ACMSLT_CNT_CTNT,TEXT,YES,N,,개발실적건수내용,
20,TD_MS_EMAIL_LQY_SNDNG,20,CLOS_YN,TEXT,YES,Y,,마감여부,중요도 낮음. 현재까지 5개의 row만 데이터가 있음
21,TD_MS_EMAIL_LQY_SNDNG,21,FRST_RGSTR_ID,TEXT,YES,N,,최초등록자ID,
22,TD_MS_EMAIL_LQY_SNDNG,22,FRST_REGIST_DT,TIMESTAMP_NTZ,YES,N,,최초등록일시,
23,TD_MS_EMAIL_LQY_SNDNG,23,LAST_UPDUSR_ID,TEXT,YES,N,,최종수정자ID,
24,TD_MS_EMAIL_LQY_SNDNG,24,LAST_UPDT_DT,TIMESTAMP_NTZ,YES,N,,최종수정일시,
25,TD_MS_EMAIL_SNDNG_DTLS,1,SNDNG_KEY,NUMBER,YES,N,,발신KEY,
26,TD_MS_EMAIL_SNDNG_DTLS,2,SNDNG_DTL_KEY,NUMBER,YES,N,,발신상세KEY,
27,TD_MS_EMAIL_SNDNG_DTLS,3,SNDNG_DE,TIMESTAMP_NTZ,YES,N,,발신일,
28,TD_MS_EMAIL_SNDNG_DTLS,4,MBER_NO,TEXT,YES,N,,회원번호,
29,TD_MS_EMAIL_SNDNG_DTLS,5,EMAIL,TEXT,YES,N,,이메일,
30,TD_MS_EMAIL_SNDNG_DTLS,6,CHN_PARM_CTNT,TEXT,YES,N,,치환파라미터내용,
31,TD_MS_EMAIL_SNDNG_DTLS,7,SNDNG_RST_CD,TEXT,YES,Y,하드코딩됨,발신결과코드,0=실패;1=성공;4=계정없음;5=도메인오류;그외=미처리
32,TD_MS_EMAIL_SNDNG_DTLS,8,ATCHFL_ID,TEXT,YES,N,,첨부파일ID,
33,TD_MS_EMAIL_SNDNG_DTLS,9,FRST_RGSTR_ID,TEXT,YES,N,,최초등록자ID,
34,TD_MS_EMAIL_SNDNG_DTLS,10,FRST_REGIST_DT,TIMESTAMP_NTZ,YES,N,,최초등록일시,
35,TD_MS_EMAIL_SNDNG_DTLS,11,LAST_UPDUSR_ID,TEXT,YES,N,,최종수정자ID,
36,TD_MS_EMAIL_SNDNG_DTLS,12,LAST_UPDT_DT,TIMESTAMP_NTZ,YES,N,,최종수정일시,
37,TD_MS_MSG_AT_LQY_SNDNG,1,SNDNG_KEY,NUMBER,YES,N,,발신KEY,
38,TD_MS_MSG_AT_LQY_SNDNG,2,DIVS_DTL_KEY,NUMBER,YES,N,,분할상세KEY,
39,TD_MS_MSG_AT_LQY_SNDNG,3,SNDNG_CNT,NUMBER,YES,N,,발신건수,
40,TD_MS_MSG_AT_LQY_SNDNG,4,SUCCES_CNT,NUMBER,YES,N,,성공건수,
41,TD_MS_MSG_AT_LQY_SNDNG,5,AT_ALTRTV_SNDNG_CNT,NUMBER,YES,N,,알림톡대체발송건수,
42,TD_MS_MSG_AT_LQY_SNDNG,6,AT_FAILR_CNT,NUMBER,YES,N,,알림톡실패건수,
43,TD_MS_MSG_AT_LQY_SNDNG,7,RESVE_SNDNG_DE,TEXT,YES,N,,예약발신일,
44,TD_MS_MSG_AT_LQY_SNDNG,8,RESVE_HM,TEXT,YES,N,,예약시분,
45,TD_MS_MSG_AT_LQY_SNDNG,9,TOT_CLICK_CNT_CTNT,TEXT,YES,N,,총클릭건수내용,
46,TD_MS_MSG_AT_LQY_SNDNG,10,CLICK_CNT_CTNT1,TEXT,YES,N,,클릭건수내용1,
47,TD_MS_MSG_AT_LQY_SNDNG,11,CLICK_CNT_CTNT2,TEXT,YES,N,,클릭건수내용2,
48,TD_MS_MSG_AT_LQY_SNDNG,12,CLICK_CNT_CTNT3,TEXT,YES,N,,클릭건수내용3,
49,TD_MS_MSG_AT_LQY_SNDNG,13,CLICK_CNT_CTNT4,TEXT,YES,N,,클릭건수내용4,
50,TD_MS_MSG_AT_LQY_SNDNG,14,RM_VU_CTNT,TEXT,YES,N,,비고값내용,
51,TD_MS_MSG_AT_LQY_SNDNG,15,FRST_RGSTR_ID,TEXT,YES,N,,최초등록자ID,
52,TD_MS_MSG_AT_LQY_SNDNG,16,FRST_REGIST_DT,TIMESTAMP_NTZ,YES,N,,최초등록일시,
53,TD_MS_MSG_AT_LQY_SNDNG,17,LAST_UPDUSR_ID,TEXT,YES,N,,최종수정자ID,
54,TD_MS_MSG_AT_LQY_SNDNG,18,LAST_UPDT_DT,TIMESTAMP_NTZ,YES,N,,최종수정일시,
55,TD_MS_MSG_AT_SNDNG_DTLS,1,SNDNG_KEY,NUMBER,YES,N,,발신KEY,
56,TD_MS_MSG_AT_SNDNG_DTLS,2,SNDNG_DTL_KEY,NUMBER,YES,N,,발신상세KEY,
57,TD_MS_MSG_AT_SNDNG_DTLS,3,SNDNG_DT,TIMESTAMP_NTZ,YES,N,,발신일시,
58,TD_MS_MSG_AT_SNDNG_DTLS,4,MBER_NO,TEXT,YES,N,,회원번호,
59,TD_MS_MSG_AT_SNDNG_DTLS,5,MBER_KORNM,TEXT,YES,N,,회원명,
60,TD_MS_MSG_AT_SNDNG_DTLS,6,MBTLNUM,TEXT,YES,N,,휴대폰번호,
61,TD_MS_MSG_AT_SNDNG_DTLS,7,SNDNG_NO,NUMBER,YES,N,,발신번호,
62,TD_MS_MSG_AT_SNDNG_DTLS,8,TRNSMS_STAT_CD,TEXT,YES,Y,MS282,전송상태코드,
63,TD_MS_MSG_AT_SNDNG_DTLS,9,TRNSMS_FAILR_CD_ID,TEXT,YES,N,,전송실패코드ID,
64,TD_MS_MSG_AT_SNDNG_DTLS,10,FRST_RGSTR_ID,TEXT,YES,N,,대체메시지발신여부,
65,TD_MS_MSG_AT_SNDNG_DTLS,11,ALTRTV_MSG_SNDNG_YN,TEXT,YES,Y,,대체문자 발송 여부,Y= '대체문자 발송' / N = '대체문자 발송X'
66,TD_MS_MSG_AT_SNDNG_DTLS,12,MSG_AT_CTNT,TEXT,YES,N,,대체메시지내용,
67,TD_MS_MSG_AT_SNDNG_DTLS,13,FRST_REGIST_DT,TIMESTAMP_NTZ,YES,N,,최초등록자ID,
68,TD_MS_MSG_AT_SNDNG_DTLS,14,LAST_UPDUSR_ID,TEXT,YES,N,,최초등록일시,
69,TD_MS_MSG_AT_SNDNG_DTLS,15,LAST_UPDT_DT,TIMESTAMP_NTZ,YES,N,,최종수정자ID,
70,TD_MS_MSG_AT_SNDNG_DTLS,16,ALTRTV_MSG_CTNT,TEXT,YES,N,,최종수정일시,
71,TD_MS_MSG_AT_SNDNG_DTLS,17,ATTACHED_FILE,TEXT,YES,N,,첨부파일,
72,TD_MS_PSTMTR_LQY_SNDNG,1,SNDNG_KEY,NUMBER,YES,N,,발신KEY,
73,TD_MS_PSTMTR_LQY_SNDNG,2,SNDNG_CNT,NUMBER,YES,N,,발신건수,
74,TD_MS_PSTMTR_LQY_SNDNG,3,SNDNG_SQNC,NUMBER,YES,N,,발신차수,
75,TD_MS_PSTMTR_LQY_SNDNG,4,SNDNG_TIT,TEXT,YES,N,,발신제목,
76,TD_MS_PSTMTR_LQY_SNDNG,5,SNDNG_MEMO_CTNT,TEXT,YES,N,,발신메모내용,
77,TD_MS_PSTMTR_LQY_SNDNG,6,FRST_RGSTR_ID,TEXT,YES,N,,최초등록자ID,
78,TD_MS_PSTMTR_LQY_SNDNG,7,FRST_REGIST_DT,TIMESTAMP_NTZ,YES,N,,최초등록일시,
79,TD_MS_PSTMTR_LQY_SNDNG,8,LAST_UPDUSR_ID,TEXT,YES,N,,최종수정자ID,
80,TD_MS_PSTMTR_LQY_SNDNG,9,LAST_UPDT_DT,TIMESTAMP_NTZ,YES,N,,최종수정일시,
81,TD_MS_PSTMTR_SNDNG_DTL,1,SNDNG_KEY,NUMBER,YES,N,,발신KEY,
82,TD_MS_PSTMTR_SNDNG_DTL,2,SNDNG_DTL_KEY,NUMBER,YES,N,,발신상세KEY,
83,TD_MS_PSTMTR_SNDNG_DTL,3,SNDNG_DE,TIMESTAMP_NTZ,YES,N,,발신일,
84,TD_MS_PSTMTR_SNDNG_DTL,4,MBER_NO,TEXT,YES,N,,회원번호,
85,TD_MS_PSTMTR_SNDNG_DTL,5,ZIP,TEXT,YES,N,,우편번호,
86,TD_MS_PSTMTR_SNDNG_DTL,6,ADDR,TEXT,YES,N,,주소,
87,TD_MS_PSTMTR_SNDNG_DTL,7,DTL_ADDR,TEXT,YES,N,,상세주소,
88,TD_MS_PSTMTR_SNDNG_DTL,8,RELATNSP_KEY,TEXT,YES,N,,결연KEY,
89,TD_MS_PSTMTR_SNDNG_DTL,9,MNG_NO,TEXT,YES,N,,관리번호,
90,TD_MS_PSTMTR_SNDNG_DTL,10,DTL_KEY,TEXT,YES,N,,상세KEY,
91,TD_MS_PSTMTR_SNDNG_DTL,11,BIZN_REQUST_KEY,TEXT,YES,N,,업무요청KEY,
92,TD_MS_PSTMTR_SNDNG_DTL,12,FRST_RGSTR_ID,TEXT,YES,N,,최초등록자ID,
93,TD_MS_PSTMTR_SNDNG_DTL,13,FRST_REGIST_DT,TIMESTAMP_NTZ,YES,N,,최초등록일시,
94,TD_MS_PSTMTR_SNDNG_DTL,14,LAST_UPDUSR_ID,TEXT,YES,N,,최종수정자ID,
95,TD_MS_PSTMTR_SNDNG_DTL,15,LAST_UPDT_DT,TIMESTAMP_NTZ,YES,N,,최종수정일시,
96,TM_CM_BRND_MNG,1,BRND_ID,TEXT,YES,N,,브랜드ID,
97,TM_CM_BRND_MNG,2,BRND_NM,TEXT,YES,N,,브랜드명,
98,TM_CM_BRND_MNG,3,USE_DEPT_CD,TEXT,YES,Y,,사용부서코드,TM_CM_CMPGN_MNG - CMPGN_CD - CMPGN_NM
99,TM_CM_BRND_MNG,4,USE_YN,TEXT,YES,Y,,사용여부,Y/N
100,TM_CM_BRND_MNG,5,PR_MTH_LIST,TEXT,YES,N,,홍보방법리스트,
101,TM_CM_BRND_MNG,6,FRST_RGSTR_ID,TEXT,YES,N,,최초등록자ID,
102,TM_CM_BRND_MNG,7,FRST_REGIST_DT,TIMESTAMP_NTZ,YES,N,,최초등록일시,
103,TM_CM_BRND_MNG,8,LAST_UPDUSR_ID,TEXT,YES,N,,최종수정자ID,
104,TM_CM_BRND_MNG,9,LAST_UPDT_DT,TIMESTAMP_NTZ,YES,N,,최종수정일시,
105,TM_CM_CMPGN_MNG,1,CMPGN_CD,TEXT,YES,N,,캠페인코드,
106,TM_CM_CMPGN_MNG,2,CMPGN_NM,TEXT,YES,N,,캠페인명,
107,TM_CM_CMPGN_MNG,3,UPPER_CMPGN_CD,TEXT,YES,N,,상위캠페인코드,
108,TM_CM_CMPGN_MNG,4,UPPER_CMPGN_YN,TEXT,YES,Y,,상위캠페인여부,Y/N
109,TM_CM_CMPGN_MNG,5,SPNSR_DIV_CD,TEXT,YES,Y,CM035,후원구분코드,1=정기후원; 2=일시후원
110,TM_CM_CMPGN_MNG,6,CPR_DIV_CD,TEXT,YES,Y,CM019,법인구분코드,
111,TM_CM_CMPGN_MNG,7,CMPGN_TRGET_CD,TEXT,YES,Y,CM002,캠페인대상코드,
112,TM_CM_CMPGN_MNG,8,USE_DEPT_CD,TEXT,YES,Y,,사용부서코드,TM_CM_CMPGN_MNG - CMPGN_CD - CMPGN_NM
113,TM_CM_CMPGN_MNG,9,USE_SCOPE,TEXT,YES,N,,사용범위,
114,TM_CM_CMPGN_MNG,10,SPNSR_ENTRPRS_ID,TEXT,YES,N,,후원기업ID,
115,TM_CM_CMPGN_MNG,11,BRND_ID,TEXT,YES,N,,브랜드ID,
116,TM_CM_CMPGN_MNG,12,PR_MTH_CD,TEXT,YES,Y,CM008,홍보방법코드,
117,TM_CM_CMPGN_MNG,13,CMPGN_STRT_DE,TEXT,YES,N,,캠페인시작일,
118,TM_CM_CMPGN_MNG,14,MBRFEE_BNKB_LIST,TEXT,YES,N,,회비통장리스트,
119,TM_CM_CMPGN_MNG,15,INICIS_ACNT_NO,TEXT,YES,N,,이니시스계정번호,
120,TM_CM_CMPGN_MNG,16,USE_YN,TEXT,YES,Y,,사용여부,Y/N
121,TM_CM_CMPGN_MNG,17,REFER_URL,TEXT,YES,N,,참고URL,
122,TM_CM_CMPGN_MNG,18,SPNSR_BSNS_ID,TEXT,YES,N,,후원사업ID,
123,TM_CM_CMPGN_MNG,19,CMPGN_DC,TEXT,YES,N,,캠페인설명,
124,TM_CM_CMPGN_MNG,20,EMRGNCY_AID_BPLC_CD,TEXT,YES,Y,,긴급구호사업장코드,TM_CM_EMRGNCY_AID_BPLC - EMRGNCY_AID_BPLC_CD - EMRGNCY_AID_NM
125,TM_CM_CMPGN_MNG,21,CMPGN_PRPT_YN,TEXT,YES,Y,,캠페인특성여부,Y/N
126,TM_CM_CMPGN_MNG,22,ATCHFL_ID,TEXT,YES,N,,첨부파일ID,
127,TM_CM_CMPGN_MNG,23,FRST_RGSTR_ID,TEXT,YES,N,,최초등록자ID,
128,TM_CM_CMPGN_MNG,24,FRST_REGIST_DT,TIMESTAMP_NTZ,YES,N,,최초등록일시,
129,TM_CM_CMPGN_MNG,25,LAST_UPDUSR_ID,TEXT,YES,N,,최종수정자ID,
130,TM_CM_CMPGN_MNG,26,LAST_UPDT_DT,TIMESTAMP_NTZ,YES,N,,최종수정일시,
131,TM_CM_CMPGN_MNG,27,RM,TEXT,YES,N,,비고,
132,TM_CM_CMPGN_MNG,28,MBER_INFLOW_PATH_CD,NUMBER,YES,Y,MM293,개발인입경로,
133,TM_CM_CMPGN_MNG,29,CMPGN_CTGR_CD,NUMBER,YES,Y,MM294,캠페인 카테고리,
134,TM_CM_CMPGN_MNG,30,CMPGN_TYPE1_BSN,NUMBER,YES,Y,MM295,캠페인유형(국내/해외),
135,TM_CM_CMPGN_MNG,31,CMPGN_TYPE2_BSN,NUMBER,YES,Y,MM296,캠페인유형(사업/사례),
136,TM_CM_CMPGN_MNG,32,MKTG_CMPGN_NM,NUMBER,YES,Y,TM_CM_MKTNG_CMPGN_MNG,마케팅갬페인명,"TM_CM_MKTNG_CMPGN_MNG 테이블의 MK_CMPGN_CD에 연결되며, MK_CMPGN_NM을 사용하면 됨"
137,TM_CM_DEPT_INFO,1,DEPT_ID,TEXT,YES,N,,부서ID,
138,TM_CM_DEPT_INFO,2,DEPT_NM,TEXT,YES,N,,부서명,
139,TM_CM_DEPT_INFO,3,UPPER_DEPT_ID,TEXT,YES,N,,상위부서ID,
140,TM_CM_DEPT_INFO,4,SORT_ORDR,TEXT,YES,N,,정렬순서,
141,TM_CM_DEPT_INFO,5,USE_YN,TEXT,YES,Y,,사용여부,Y/N
142,TM_CM_DEPT_INFO,6,ACMSLT_DEPT_YN,TEXT,YES,Y,,실적부서여부,Y/N
143,TM_CM_DEPT_INFO,7,STATS_DEPT_LVL,TEXT,YES,N,,통계부서레벨,
144,TM_CM_DEPT_INFO,8,FRST_RGSTR_ID,TEXT,YES,N,,최초등록자ID,
145,TM_CM_DEPT_INFO,9,FRST_REGIST_DT,TIMESTAMP_NTZ,YES,N,,최초등록일시,
146,TM_CM_DEPT_INFO,10,LAST_UPDUSR_ID,TEXT,YES,N,,최종수정자ID,
147,TM_CM_DEPT_INFO,11,LAST_UPDT_DT,TIMESTAMP_NTZ,YES,N,,최종수정일시,
148,TM_CM_DEPT_INFO,12,ACMSLT_UPPER_DEPT_ID,TEXT,YES,N,,실적상위부서ID,
149,TM_MM_FDRM_MBER_DVLP_AMT,1,SPNSR_NO,TEXT,YES,N,,후원번호,
150,TM_MM_FDRM_MBER_DVLP_AMT,2,SPNSR_BSNS_NO,NUMBER,YES,N,,후원사업번호,
151,TM_MM_FDRM_MBER_DVLP_AMT,3,OCCRRNC_DE,TEXT,YES,N,,발생일,
152,TM_MM_FDRM_MBER_DVLP_AMT,4,SER_NO,NUMBER,YES,N,,일련번호,
153,TM_MM_FDRM_MBER_DVLP_AMT,5,MBER_NO,TEXT,YES,N,,회원번호,
154,TM_MM_FDRM_MBER_DVLP_AMT,6,ACT_DEPT_CD,TEXT,YES,Y,,활동부서코드,TM_CM_CMPGN_MNG - CMPGN_CD - CMPGN_NM
155,TM_MM_FDRM_MBER_DVLP_AMT,7,ACMSLT_DEPT_CD,TEXT,YES,Y,,실적부서코드,TM_CM_CMPGN_MNG - CMPGN_CD - CMPGN_NM
156,TM_MM_FDRM_MBER_DVLP_AMT,8,CMPGN_CD,TEXT,YES,Y,,캠페인코드,TM_CM_CMPGN_MNG - CMPGN_CD - CMPGN_NM
157,TM_MM_FDRM_MBER_DVLP_AMT,10,MBER_DIV_CD,TEXT,YES,Y,MM018,회원구분코드,
158,TM_MM_FDRM_MBER_DVLP_AMT,11,SEX,TEXT,YES,N,CM013,성별,"특이사항, 6=단체, 7=기업, 8=기타 값을 보면. 컬럼설명은 성별이나 성별만으로는 사용하지는 않음"
159,TM_MM_FDRM_MBER_DVLP_AMT,12,AREA_CD,TEXT,YES,Y,CM018,지역코드,
160,TM_MM_FDRM_MBER_DVLP_AMT,13,AGE,NUMBER,YES,N,,연령,
161,TM_MM_FDRM_MBER_DVLP_AMT,14,SPNSR_TIME_CO,NUMBER,YES,N,,후원시간수,
162,TM_MM_FDRM_MBER_DVLP_AMT,15,SPNSR_AMT_CD,TEXT,YES,Y,CM012,후원금액코드,
163,TM_MM_FDRM_MBER_DVLP_AMT,16,SPNSR_BSNS_ID,TEXT,YES,N,,후원사업ID,
164,TM_MM_FDRM_MBER_DVLP_AMT,17,CANCL_RDCAMT_RSN_CD,TEXT,YES,Y,MM002,취소감액사유코드,
165,TM_MM_FDRM_MBER_DVLP_AMT,18,SPNSR_AMT,NUMBER,YES,N,,후원금액,
166,TM_MM_FDRM_MBER_DVLP_AMT,19,DVLP_DIV_CD,TEXT,YES,Y,MM015,개발구분코드,
167,TM_MM_FDRM_MBER_DVLP_AMT,20,FRST_RGSTR_ID,TEXT,YES,N,,최초등록자ID,
168,TM_MM_FDRM_MBER_DVLP_AMT,21,FRST_RGSTR_NM,TEXT,YES,N,,최초등록자명,
169,TM_MM_FDRM_MBER_INFO,1,MBER_NO,TEXT,YES,N,,회원번호,
170,TM_MM_FDRM_MBER_INFO,2,MBER_DIV_CD,TEXT,YES,Y,MM018,회원구분코드,1=개인;2=기업;3=단체
171,TM_MM_FDRM_MBER_INFO,3,CPR_DIV_CD,TEXT,YES,Y,CM019,법인구분코드,"I=사단, S=사복, A=통합"
172,TM_MM_FDRM_MBER_INFO,4,RRN_FSTDGT,TEXT,YES,N,,주민등록번호앞자리,
173,TM_MM_FDRM_MBER_INFO,5,RRN_LSTDGT_ENC,TEXT,YES,N,,주민등록번호뒷자리암호화,
174,TM_MM_FDRM_MBER_INFO,6,BRTHDY,TEXT,YES,N,,생년월일,
175,TM_MM_FDRM_MBER_INFO,7,SLRCLD_LRR_CD,TEXT,YES,Y,CM029,양력음력코드,
176,TM_MM_FDRM_MBER_INFO,8,MBER_KORNM,TEXT,YES,N,,회원한글명,
177,TM_MM_FDRM_MBER_INFO,9,MBER_ENGNM,TEXT,YES,N,,회원영문명,
178,TM_MM_FDRM_MBER_INFO,10,MBTLNUM,TEXT,YES,N,,휴대폰번호,
179,TM_MM_FDRM_MBER_INFO,11,MOBLPHON_STAT_CD,TEXT,YES,Y,MM008,휴대폰상태코드,
180,TM_MM_FDRM_MBER_INFO,12,TSTM_DIV_CD,FLOAT,YES,Y,MS026,TSTM구분코드,
181,TM_MM_FDRM_MBER_INFO,13,ETC_CTTPC,TEXT,YES,N,,기타연락처,
182,TM_MM_FDRM_MBER_INFO,14,ETC_TSTM_DIV_CD,FLOAT,YES,Y,MS026,기타TSTM구분코드,
183,TM_MM_FDRM_MBER_INFO,15,ETC_CTTPC_REL_CD,TEXT,YES,Y,MM008,기타연락처관계코드,
184,TM_MM_FDRM_MBER_INFO,16,ETC_CTTPC_STAT_CD,TEXT,YES,Y,MM008,기타연락처상태코드,
185,TM_MM_FDRM_MBER_INFO,17,FAXNO,TEXT,YES,N,,팩스번호,
186,TM_MM_FDRM_MBER_INFO,18,ZIP,TEXT,YES,N,,우편번호,
187,TM_MM_FDRM_MBER_INFO,19,ADDR,TEXT,YES,N,,주소,
188,TM_MM_FDRM_MBER_INFO,20,DTL_ADDR,TEXT,YES,N,,상세주소,
189,TM_MM_FDRM_MBER_INFO,21,EMAIL,TEXT,YES,N,,이메일,
190,TM_MM_FDRM_MBER_INFO,22,EMAIL_STAT_CD,TEXT,YES,Y,MM009,이메일상태코드,
191,TM_MM_FDRM_MBER_INFO,23,PSTMTR_RECPTN_CD,TEXT,YES,Y,MS027,우편물수신코드,
192,TM_MM_FDRM_MBER_INFO,24,EMAIL_RECPTN_CD,TEXT,YES,Y,MS028,이메일수신코드,
193,TM_MM_FDRM_MBER_INFO,25,CHRCTR_RECPTN_YN,TEXT,YES,Y,,문자수신여부,Y/N (빈값 및 Null 존재)
194,TM_MM_FDRM_MBER_INFO,26,BL_ENTRPS_NO,FLOAT,YES,N,,소속업체번호,
195,TM_MM_FDRM_MBER_INFO,27,SPECL_MNG_CD1,TEXT,YES,N,,특별관리코드1,
196,TM_MM_FDRM_MBER_INFO,28,SPECL_MNG_CD2,TEXT,YES,N,,특별관리코드2,
197,TM_MM_FDRM_MBER_INFO,29,TNI_CU_BL_NO,TEXT,YES,N,,더네이버스클럽소속번호,
198,TM_MM_FDRM_MBER_INFO,30,CMPGN_CD,TEXT,YES,Y,,캠페인코드,TM_CM_CMPGN_MNG - CMPGN_CD - CMPGN_NM
199,TM_MM_FDRM_MBER_INFO,31,MBER_STAT_CD,TEXT,YES,Y,MM010,회원상태코드,
200,TM_MM_FDRM_MBER_INFO,32,RELATNSP_DIV_CD,TEXT,YES,Y,MM019,결연구분코드,1=신규;2=결연회원;3=비결연회원;4=혼합회원;5=후원중단 (빈값 및 NULL 존재)
201,TM_MM_FDRM_MBER_INFO,33,ACT_DEPT_CD,TEXT,YES,Y,,활동부서코드,TM_CM_CMPGN_MNG - CMPGN_CD - CMPGN_NM
202,TM_MM_FDRM_MBER_INFO,34,HMPG_ID,TEXT,YES,N,,홈페이지ID,
203,TM_MM_FDRM_MBER_INFO,35,JOIN_PATH_CD,TEXT,YES,Y,MM014,가입경로코드,
204,TM_MM_FDRM_MBER_INFO,36,CTI_SYNCHRN_DIV_CD,TEXT,YES,Y,,CTI동기화구분코드,"사용하지 않음
1= '동기' , NULL ='비동기' , 2='비동기'"
205,TM_MM_FDRM_MBER_INFO,37,STDR_DE,TEXT,YES,N,,기준일,
206,TM_MM_FDRM_MBER_INFO,38,FRST_REGIST_DT,TIMESTAMP_NTZ,YES,N,,최초등록일시,
207,TM_MM_FDRM_MBER_INFO,39,REGIST_DEPT_CD,TEXT,YES,Y,TM_CM_DEPT_INFO,등록부서코드,TM_CM_CMPGN_MNG - CMPGN_CD - CMPGN_NM
208,TM_MM_FDRM_MBER_INFO,40,FRST_RGSTR_ID,TEXT,YES,N,,최초등록자ID,
209,TM_MM_FDRM_MBER_INFO,41,SEX,TEXT,YES,N,CM013,성별,"특이사항, 6=단체, 7=기업, 8=기타 값을 보면. 컬럼설명은 성별이나 성별만으로는 사용하지는 않음"
210,TM_MM_ONCE_MBER_INFO,1,ONCE_MBER_NO,TEXT,YES,N,,일시후원회원번호,
211,TM_MM_ONCE_MBER_INFO,2,MBER_DIV_CD,TEXT,YES,Y,MM018,회원구분코드,"1=개인, 2=기업, 3=단체"
212,TM_MM_ONCE_MBER_INFO,3,CPR_DIV_CD,TEXT,YES,Y,CM019,법인구분코드,"I=사단, S=사복, A=통합"
213,TM_MM_ONCE_MBER_INFO,4,RRN_FSTDGT,TEXT,YES,N,,주민등록번호앞자리,
214,TM_MM_ONCE_MBER_INFO,5,RRN_LSTDGT_ENC,TEXT,YES,N,,주민등록번호뒷자리암호화,
215,TM_MM_ONCE_MBER_INFO,6,SEX,TEXT,YES,N,CM013,성별,"특이사항, 6=단체, 7=기업, 8=기타 값을 보면. 컬럼설명은 성별이나 성별만으로는 사용하지는 않음"
216,TM_MM_ONCE_MBER_INFO,7,MBER_KORNM,TEXT,YES,N,,회원한글명,
217,TM_MM_ONCE_MBER_INFO,8,MBER_ENGNM,TEXT,YES,N,,회원영문명,
218,TM_MM_ONCE_MBER_INFO,9,BRTHDY,TEXT,YES,N,,생년월일,
219,TM_MM_ONCE_MBER_INFO,10,MBTLNUM,TEXT,YES,N,,휴대폰번호,
220,TM_MM_ONCE_MBER_INFO,11,TSTM_DIV_CD,NUMBER,YES,Y,MS026,TSTM구분코드,"1=TM거절, 2=TS거절, 3=TMTS거절"
221,TM_MM_ONCE_MBER_INFO,12,ETC_CTTPC,TEXT,YES,N,,기타연락처,
222,TM_MM_ONCE_MBER_INFO,13,ETC_TSTM_DIV_CD,NUMBER,YES,Y,MS026,기타TSTM구분코드,"1=TM거절, 2=TS거절, 3=TMTS거절"
223,TM_MM_ONCE_MBER_INFO,14,REL_CD,TEXT,YES,Y,CM009,관계코드,
224,TM_MM_ONCE_MBER_INFO,15,ZIP,TEXT,YES,N,,우편번호,
225,TM_MM_ONCE_MBER_INFO,16,ADDR,TEXT,YES,N,,주소,
226,TM_MM_ONCE_MBER_INFO,17,DTL_ADDR,TEXT,YES,N,,상세주소,
227,TM_MM_ONCE_MBER_INFO,18,EMAIL,TEXT,YES,N,,이메일,
228,TM_MM_ONCE_MBER_INFO,19,FAXNO,TEXT,YES,N,,팩스번호,
229,TM_MM_ONCE_MBER_INFO,20,ENTRPS_NM,TEXT,YES,N,,업체명,
230,TM_MM_ONCE_MBER_INFO,21,HMPG_ID,TEXT,YES,N,,홈페이지ID,
231,TM_MM_ONCE_MBER_INFO,22,PSTMTR_RECPTN_YN,TEXT,YES,Y,,우편물수신여부,Y/N(NULL 존재)
232,TM_MM_ONCE_MBER_INFO,23,EMAIL_RECPTN_YN,TEXT,YES,Y,,이메일수신여부,Y/N(NULL 존재)
233,TM_MM_ONCE_MBER_INFO,24,CHRCTR_RECPTN_YN,TEXT,YES,Y,,문자수신여부,Y/N(NULL 존재)
234,TM_MM_ONCE_MBER_INFO,25,FDRM_MBER_TRNSFER_FG,TEXT,YES,N,,정기회원이관유무,
235,TM_MM_ONCE_MBER_INFO,26,SPECL_MNG_CD1,TEXT,YES,N,,특별관리코드1,
236,TM_MM_ONCE_MBER_INFO,27,SPECL_MNG_CD2,TEXT,YES,N,,특별관리코드2,
237,TM_MM_ONCE_MBER_INFO,28,TNI_CU_BL_NO,TEXT,YES,N,,더네이버스클럽소속번호,
238,TM_MM_ONCE_MBER_INFO,29,CTI_SYNCHRN_DIV_CD,TEXT,YES,,,CTI동기화구분코드,"사용하지 않음
1='동기' , 2 ='비동기'"
239,TM_MM_ONCE_MBER_INFO,30,FRST_REGIST_DT,TIMESTAMP_NTZ,YES,N,,최초등록일시,
240,TM_MM_ONCE_MBER_INFO,31,REGIST_DEPT_CD,TEXT,YES,Y,TM_CM_DEPT_INFO,등록부서코드,TM_CM_CMPGN_MNG - CMPGN_CD - CMPGN_NM
241,TM_MM_ONCE_MBER_INFO,32,FRST_RGSTR_ID,TEXT,YES,N,,최초등록자ID,
242,TM_MS_EMAIL_SNDNG,1,SNDNG_KEY,NUMBER,YES,N,,발신KEY,
243,TM_MS_EMAIL_SNDNG,2,SNDNG_CD_ID,TEXT,YES,N,,발신코드ID,
244,TM_MS_EMAIL_SNDNG,3,SNDNG_DTL_CD_ID,TEXT,YES,N,,발신상세코드ID,
245,TM_MS_EMAIL_SNDNG,4,SNDNG_STDR_DE,TIMESTAMP_NTZ,YES,N,,발신기준일,
246,TM_MS_EMAIL_SNDNG,5,SNDNG_TY_CD,TEXT,YES,Y,MS281,발신유형코드,0=대량;1=개별;2=비즈아이 // 코드 테이블에는 2번 비즈아이는 없음 하드코딩해서 쓰는 경우
247,TM_MS_EMAIL_SNDNG,6,TIT,TEXT,YES,N,,제목,
248,TM_MS_EMAIL_SNDNG,7,EMAIL_CTNT,TEXT,YES,N,,이메일내용,
249,TM_MS_EMAIL_SNDNG,8,EMAIL_RM,TEXT,YES,N,,이메일비고,
250,TM_MS_EMAIL_SNDNG,9,PRCS_DE,TIMESTAMP_NTZ,YES,N,,처리일,
251,TM_MS_EMAIL_SNDNG,10,PCPSN_ID,TEXT,YES,N,,처리자ID,
252,TM_MS_EMAIL_SNDNG,11,PRCS_YN,TEXT,YES,Y,,처리여부,Y=처리;N=처리안됨(1 존재)
253,TM_MS_EMAIL_SNDNG,12,FRST_RGSTR_ID,TEXT,YES,N,,최초등록자ID,
254,TM_MS_EMAIL_SNDNG,13,FRST_REGIST_DT,TIMESTAMP_NTZ,YES,N,,최초등록일시,
255,TM_MS_EMAIL_SNDNG,14,LAST_UPDUSR_ID,TEXT,YES,N,,최종수정자ID,
256,TM_MS_EMAIL_SNDNG,15,LAST_UPDT_DT,TIMESTAMP_NTZ,YES,N,,최종수정일시,
257,TM_MS_MSG_AT_SNDNG,1,SNDNG_KEY,NUMBER,YES,N,,발신KEY,
258,TM_MS_MSG_AT_SNDNG,2,SNDNG_CD_ID,TEXT,YES,N,,발신코드ID,
259,TM_MS_MSG_AT_SNDNG,3,SNDNG_DTL_CD_ID,TEXT,YES,N,,발신상세코드ID,
260,TM_MS_MSG_AT_SNDNG,4,SNDNG_STDR_DE,TIMESTAMP_NTZ,YES,N,,발신기준일,
261,TM_MS_MSG_AT_SNDNG,5,SNDNG_TY_CD,TEXT,YES,Y,MS281,발신유형코드,
262,TM_MS_MSG_AT_SNDNG,6,SNDNG_TIME_DIV_CD,TEXT,YES,Y,MS267,발신시간구분코드,1=즉시발송;2=분할발송;3=예약발송(NULL 존재)
263,TM_MS_MSG_AT_SNDNG,7,MSG_DIV_CD,TEXT,YES,Y,MS010,메시지구분코드,
264,TM_MS_MSG_AT_SNDNG,8,TIT,TEXT,YES,N,,제목,
265,TM_MS_MSG_AT_SNDNG,9,MSG_AT_CTNT,TEXT,YES,N,,메시지알림톡내용,
266,TM_MS_MSG_AT_SNDNG,10,MSG_AT_RM,TEXT,YES,N,,메시지알림톡비고,
267,TM_MS_MSG_AT_SNDNG,11,PRCS_DE,TIMESTAMP_NTZ,YES,N,,처리일,
268,TM_MS_MSG_AT_SNDNG,12,PCPSN_ID,TEXT,YES,N,,처리자ID,
269,TM_MS_MSG_AT_SNDNG,13,ATCHFL_ID,TEXT,YES,N,,첨부파일ID,
270,TM_MS_MSG_AT_SNDNG,14,TMPLAT_ID,TEXT,YES,N,,템플릿ID,
271,TM_MS_MSG_AT_SNDNG,15,ALTRTV_MSG_SNDNG_YN,TEXT,YES,Y,,대체메시지발신여부,Y/N(빈값 및 NULL 존재)
272,TM_MS_MSG_AT_SNDNG,16,ALTRTV_MSG_CTNT,TEXT,YES,N,,대체메시지내용,
273,TM_MS_MSG_AT_SNDNG,17,ALTRTV_MSG_ATCHFL_ID,TEXT,YES,N,,대체메시지첨부파일ID,
274,TM_MS_MSG_AT_SNDNG,18,FRST_RGSTR_ID,TEXT,YES,N,,최초등록자ID,
275,TM_MS_MSG_AT_SNDNG,19,FRST_REGIST_DT,TIMESTAMP_NTZ,YES,N,,최초등록일시,
276,TM_MS_MSG_AT_SNDNG,20,LAST_UPDUSR_ID,TEXT,YES,N,,최종수정자ID,
277,TM_MS_MSG_AT_SNDNG,21,LAST_UPDT_DT,TIMESTAMP_NTZ,YES,N,,최종수정일시,
278,TM_MS_PSTMTR_SNDNG,1,SNDNG_KEY,NUMBER,YES,N,,발신KEY,
279,TM_MS_PSTMTR_SNDNG,2,SNDNG_CD_ID,TEXT,YES,N,,발신코드ID,
280,TM_MS_PSTMTR_SNDNG,3,SNDNG_DTL_CD_ID,TEXT,YES,N,,발신상세코드ID,
281,TM_MS_PSTMTR_SNDNG,4,SNDNG_STDR_DE,TEXT,YES,N,,발신기준일,
282,TM_MS_PSTMTR_SNDNG,5,SNDNG_TY_CD,TEXT,YES,Y,CM015,발신유형코드,
283,TM_MS_PSTMTR_SNDNG,6,PRCS_DE,TEXT,YES,N,,처리일,
284,TM_MS_PSTMTR_SNDNG,7,PCPSN_ID,TEXT,YES,N,,처리자ID,
285,TM_MS_PSTMTR_SNDNG,8,PRCS_STAT_CD,TEXT,YES,Y,MS061,처리상태코드,
286,TM_MS_PSTMTR_SNDNG,9,LQY_YN,TEXT,YES,Y,,대량여부,Y/N
287,TM_MS_PSTMTR_SNDNG,10,RE_SNDNG_YN,TEXT,YES,Y,,재발신여부,Y/N
288,TM_MS_PSTMTR_SNDNG,11,FRST_RGSTR_ID,TEXT,YES,N,,최초등록자ID,
289,TM_MS_PSTMTR_SNDNG,12,FRST_REGIST_DT,TIMESTAMP_NTZ,YES,N,,최초등록일시,
290,TM_MS_PSTMTR_SNDNG,13,LAST_UPDUSR_ID,TEXT,YES,N,,최종수정자ID,
291,TM_MS_PSTMTR_SNDNG,14,LAST_UPDT_DT,TIMESTAMP_NTZ,YES,N,,최종수정일시,
292,TM_PM_DNTN_DTLS,1,DNTN_KEY,NUMBER,YES,N,,기부금KEY,
293,TM_PM_DNTN_DTLS,2,ONCE_MBER_NO,TEXT,YES,N,,일시후원회원번호,
294,TM_PM_DNTN_DTLS,3,CPR_DIV_CD,TEXT,YES,Y,CM019,법인구분코드,
295,TM_PM_DNTN_DTLS,5,ONCE_CMPGN_CD,TEXT,YES,Y,,일시후원캠페인코드,TM_CM_CMPGN_MNG - CMPGN_CD - CMPGN_NM
296,TM_PM_DNTN_DTLS,6,ELCTR_SETLE_KEY,FLOAT,YES,N,,전자결제KEY,
297,TM_PM_DNTN_DTLS,9,MBRFEE_BNKB_KEY,FLOAT,YES,N,,회비통장KEY,
298,TM_PM_DNTN_DTLS,10,ACNUT_SER_NO,FLOAT,YES,N,,계좌일련번호,
299,TM_PM_DNTN_DTLS,11,FNLT_CD,TEXT,YES,Y,,금융기관코드,TM_PM_FNLT - FNLT_CD - FNLT_NM
300,TM_PM_DNTN_DTLS,13,PAYER_NM,TEXT,YES,N,,결제자명,
301,TM_PM_DNTN_DTLS,14,PAY_AMT,NUMBER,YES,N,,납입금액,
302,TM_PM_DNTN_DTLS,15,PAY_DE,TEXT,YES,N,,납입일,
303,TM_PM_DNTN_DTLS,16,PAY_STAT_CD,TEXT,YES,Y,,납입상태코드,S=성공;F=실패
304,TM_PM_DNTN_DTLS,17,PRCS_STAT_CD,TEXT,YES,Y,,처리상태코드,"S= '완료' , F= '미완' (현시점 운영 DB 상에는 S만 존재)"
305,TM_PM_DNTN_DTLS,18,USE_YN,TEXT,YES,Y,,사용여부,Y/N
306,TM_PM_DNTN_DTLS,19,TRNSFER_MBRFEE_KEY,FLOAT,YES,N,,이관회비KEY,
307,TM_PM_DNTN_DTLS,20,TRNSFER_RSN_CD,TEXT,YES,Y,,이관사유코드,NULL
308,TM_PM_DNTN_DTLS,21,RETUN_DNTN_KEY,TEXT,YES,N,,환급기부금KEY,
309,TM_PM_DNTN_DTLS,22,RETUN_RSN_CD,TEXT,YES,Y,PM042,환급사유코드,
310,TM_PM_DNTN_DTLS,23,RETUN_KEY,TEXT,YES,N,,환급KEY,
311,TM_PM_DNTN_DTLS,24,RM,TEXT,YES,N,,비고,
312,TM_PM_DNTN_DTLS,25,ACMSLT_DEPT_CD,TEXT,YES,Y,TM_CM_DEPT_INFO,실적부서코드,TM_CM_CMPGN_MNG - CMPGN_CD - CMPGN_NM
313,TM_PM_DNTN_DTLS,26,REGIST_DE,TEXT,YES,N,,등록일,
314,TM_PM_DNTN_DTLS,27,RGSTR_ID,TEXT,YES,N,,등록자ID,
315,TM_PM_DNTN_DTLS,28,RGSTR_NM,TEXT,YES,N,,등록자명,
316,TM_PM_DNTN_DTLS,29,SPNSR_BSNS_ID,TEXT,YES,N,,후원사업ID,
317,TM_PM_MBRFEE_ACMSLT,1,MBRFEE_KEY,NUMBER,YES,N,,회비KEY,
318,TM_PM_MBRFEE_ACMSLT,2,MBER_DIV_CD,TEXT,YES,Y,MM018,회원구분코드,
319,TM_PM_MBRFEE_ACMSLT,3,MBER_NO,TEXT,YES,N,,회원번호,
320,TM_PM_MBRFEE_ACMSLT,4,CPR_DIV_CD,TEXT,YES,Y,CM019,법인구분코드,
321,TM_PM_MBRFEE_ACMSLT,5,SPNSR_NO,TEXT,YES,N,,후원번호,
322,TM_PM_MBRFEE_ACMSLT,6,SPNSR_BSNS_NO,NUMBER,YES,N,,후원사업번호,
323,TM_PM_MBRFEE_ACMSLT,7,SPNSR_BSNS_ID,TEXT,YES,N,,후원사업ID,
324,TM_PM_MBRFEE_ACMSLT,8,RELATNSP_KEY,TEXT,YES,N,,결연KEY,
325,TM_PM_MBRFEE_ACMSLT,9,OVSEA_AID_KEY,TEXT,YES,N,,해외구호KEY,
326,TM_PM_MBRFEE_ACMSLT,10,MBRFEE_MT,TEXT,YES,N,,회비월,
327,TM_PM_MBRFEE_ACMSLT,11,MBRFEE_SQNC,NUMBER,YES,N,,회비차수,
328,TM_PM_MBRFEE_ACMSLT,12,RQEST_MT,TEXT,YES,N,,청구월,
329,TM_PM_MBRFEE_ACMSLT,13,RQEST_SQNC,NUMBER,YES,N,,청구차수,
330,TM_PM_MBRFEE_ACMSLT,14,MBRFEE_DIV_CD,TEXT,YES,Y,PM010,회비구분코드,
331,TM_PM_MBRFEE_ACMSLT,15,GFT_DIV_CD,TEXT,YES,Y,RM070,선물구분코드,
332,TM_PM_MBRFEE_ACMSLT,16,GFTMNEY_CHILD_CD,TEXT,YES,Y,,선물금아동코드,TM_RM_CHILD_MSTR_INFO - CHILD_CD
333,TM_PM_MBRFEE_ACMSLT,17,ONCE_CMPGN_CD,TEXT,YES,Y,,일시후원캠페인코드,TM_CM_CMPGN_MNG - CMPGN_CD - CMPGN_NM
334,TM_PM_MBRFEE_ACMSLT,18,TOGETH_WTDRW_REQUST_KEY,TEXT,YES,N,,함께출금요청KEY,
335,TM_PM_MBRFEE_ACMSLT,19,TOGETH_WTDRW_YN,TEXT,YES,Y,,함께출금여부,Y/N
336,TM_PM_MBRFEE_ACMSLT,24,PAYER_NM,TEXT,YES,N,,결제자명,
337,TM_PM_MBRFEE_ACMSLT,25,RQEST_DIV_CD,TEXT,YES,Y,PM024,청구구분코드,
338,TM_PM_MBRFEE_ACMSLT,26,RQEST_AMT,NUMBER,YES,N,,청구금액,
339,TM_PM_MBRFEE_ACMSLT,27,RQEST_DE,TEXT,YES,N,,청구일,
340,TM_PM_MBRFEE_ACMSLT,28,PAY_AMT,NUMBER,YES,N,,납입금액,
341,TM_PM_MBRFEE_ACMSLT,29,PAY_DE,TEXT,YES,N,,납입일,
342,TM_PM_MBRFEE_ACMSLT,30,PAY_STAT_CD,TEXT,YES,Y,PM012,납입상태코드,S=성공;F=실패(NULL 존재)
343,TM_PM_MBRFEE_ACMSLT,31,PRCS_STAT_CD,TEXT,YES,Y,PM013,처리상태코드,
344,TM_PM_MBRFEE_ACMSLT,32,RQST_KEY,NUMBER,YES,N,,신청KEY,
345,TM_PM_MBRFEE_ACMSLT,33,RST_KEY,TEXT,YES,N,,결과KEY,
346,TM_PM_MBRFEE_ACMSLT,34,ELCTR_SETLE_KEY,TEXT,YES,N,,전자결제KEY,
347,TM_PM_MBRFEE_ACMSLT,36,MBRFEE_BNKB_KEY,TEXT,YES,N,,회비통장KEY,
348,TM_PM_MBRFEE_ACMSLT,37,ACNUT_SER_NO,TEXT,YES,N,,계좌일련번호,
349,TM_PM_MBRFEE_ACMSLT,38,FNLT_CD,TEXT,YES,Y,,금융기관코드,TM_PM_FNLT - FNLT_CD - FNLT_NM
350,TM_PM_MBRFEE_ACMSLT,39,BILLKEY,TEXT,YES,N,,빌키,
351,TM_PM_MBRFEE_ACMSLT,40,RQEST_RST_CD,TEXT,YES,Y,PM021,청구결과코드,
352,TM_PM_MBRFEE_ACMSLT,41,PRCS_RST_CD,TEXT,YES,Y,,처리결과코드,"S='납입 성공', '', 0, 00"
353,TM_PM_MBRFEE_ACMSLT,42,TRNSFER_REQUST_KEY,TEXT,YES,N,,이관요청KEY,
354,TM_PM_MBRFEE_ACMSLT,43,TRNSFER_MBRFEE_KEY,TEXT,YES,N,,이관회비KEY,
355,TM_PM_MBRFEE_ACMSLT,44,TRNSFER_DNTN_KEY,TEXT,YES,N,,이관기부금KEY,
356,TM_PM_MBRFEE_ACMSLT,45,TRNSFER_RSN_CD,TEXT,YES,Y,,이관사유코드,1=이관;NULL
357,TM_PM_MBRFEE_ACMSLT,46,RETUN_REQUST_KEY,TEXT,YES,N,,환급요청KEY,
358,TM_PM_MBRFEE_ACMSLT,47,RETUN_MBRFEE_KEY,TEXT,YES,N,,환급회비KEY,
359,TM_PM_MBRFEE_ACMSLT,48,RETUN_RSN_CD,TEXT,YES,Y,PM042,환급사유코드,
360,TM_PM_MBRFEE_ACMSLT,49,RM,TEXT,YES,N,,비고,
361,TM_PM_MBRFEE_ACMSLT,50,USE_YN,TEXT,YES,Y,,사용여부,Y/N
362,TM_PM_MBRFEE_ACMSLT,51,OPERTOR_ID,TEXT,YES,N,,작업자ID,
363,TM_PM_MBRFEE_ACMSLT,52,OPERTOR_NM,TEXT,YES,N,,작업자명,
364,TM_PM_MBRFEE_ACMSLT,53,OPERT_DE,TEXT,YES,N,,작업일,
365,TM_PM_MBRFEE_ACMSLT,54,OPERT_DIV_CD,TEXT,YES,Y,MM014,작업구분코드,"1=홈페이지, 2=CRM, 3=모바일웹, 4=희망TV, 5=외주콜센터, 6=모바일앱"
366,TM_PM_MBRFEE_ACMSLT,55,OPER_KEY,NUMBER,YES,N,,운영KEY,
367,TM_PM_MBRFEE_ACMSLT,56,OPER_RST_KEY,NUMBER,YES,N,,운영결과KEY,
368,TM_PM_SETLE_INFO,2,MBER_NO,TEXT,YES,N,,회원번호,
369,TM_PM_SETLE_INFO,3,CPR_DIV_CD,TEXT,YES,Y,CM019,법인구분코드,
370,TM_PM_SETLE_INFO,5,WTDRW_STRT_DE,TEXT,YES,N,,출금시작일,
371,TM_PM_SETLE_INFO,6,WTDRW_ASMT_SQNC,NUMBER,YES,N,,출금지정차수,
372,TM_PM_SETLE_INFO,7,WTDRW_ASMT_SQNC_UPDT_DE,TEXT,YES,N,,출금지정차수수정일,
373,TM_PM_SETLE_INFO,8,FNLT_DIV_CD,TEXT,YES,Y,PM050,금융기관구분코드,
374,TM_PM_SETLE_INFO,9,FNLT_CD,TEXT,YES,Y,,금융기관코드,TM_PM_FNLT - FNLT_CD - FNLT_NM
375,TM_PM_SETLE_INFO,12,CARD_TRMVT,TEXT,YES,N,,카드유효기간,
376,TM_PM_SETLE_INFO,13,ACNUT_SER_NO,TEXT,YES,N,,계좌일련번호,
377,TM_PM_SETLE_INFO,14,PAYER_NM,TEXT,YES,N,,결제자명,
378,TM_PM_SETLE_INFO,15,CARD_DIV_CD,TEXT,YES,Y,PM052,카드구분코드,"0=개인;1=법인,2=개인,NULL=개인"
379,TM_PM_SETLE_INFO,16,PAYER_RRN_BIZRNO_ENC,TEXT,YES,N,,결제자주민등록번호사업자등록번호암호화,
380,TM_PM_SETLE_INFO,17,MBTLNUM,TEXT,YES,N,,휴대폰번호,
381,TM_PM_SETLE_INFO,18,ETC_CTTPC,TEXT,YES,N,,기타연락처,
382,TM_PM_SETLE_INFO,19,ETC_CTTPC_REL_CD,TEXT,YES,Y,,기타연락처관계코드,CM009
383,TM_PM_SETLE_INFO,20,PAYER_MBER_REL_CD,TEXT,YES,Y,,결제자회원관계코드,CM009
384,TM_PM_SETLE_INFO,21,CRTFC_MTH_CD,TEXT,YES,Y,MM014,인증방법코드,
385,TM_PM_SETLE_INFO,22,CRTFC_FILE_NM,TEXT,YES,N,,인증파일명,
386,TM_PM_SETLE_INFO,23,CRTFC_DATA_CTNT,TEXT,YES,N,,인증데이터내용,
387,TM_PM_SETLE_INFO,24,CRTFC_DE,TEXT,YES,N,,인증일,
388,TM_PM_SETLE_INFO,25,FILE_SIZE,FLOAT,YES,N,,파일크기,
389,TM_PM_SETLE_INFO,26,BILLKEY,TEXT,YES,N,,빌키,
390,TM_PM_SETLE_INFO,28,RQST_DIV_CD,TEXT,YES,Y,PM004,신청구분코드,
391,TM_PM_SETLE_INFO,29,RCEPT_DIV_CD,TEXT,YES,Y,PM003,접수구분코드,
392,TM_PM_SETLE_INFO,30,APRV_YN,TEXT,YES,Y,,승인여부,Y/N (NULL 존재)
393,TM_PM_SETLE_INFO,31,APRV_REQUST_KEY,FLOAT,YES,N,,승인요청KEY,
394,TM_PM_SETLE_INFO,32,APRV_RST_KEY,FLOAT,YES,N,,승인결과KEY,
395,TM_PM_SETLE_INFO,33,FRST_BEGIN_DE,TEXT,YES,N,,최초개시일,
396,TM_PM_SETLE_INFO,34,RQEST_EXCL_YN,TEXT,YES,Y,,청구제외여부,Y/N
397,TM_PM_SETLE_INFO,35,RQEST_EXCL_STRT_DE,TEXT,YES,N,,청구제외시작일,
398,TM_PM_SETLE_INFO,36,RQEST_EXCL_END_DE,TEXT,YES,N,,청구제외종료일,
399,TM_PM_SETLE_INFO,37,APPLCNT_NM,TEXT,YES,N,,신청자명,
400,TM_PM_SETLE_INFO,38,APPLCNT_RRN_ENC,TEXT,YES,N,,신청자주민등록번호암호화,
401,TM_PM_SETLE_INFO,39,APPLCNT_MBTLNUM,TEXT,YES,N,,신청자휴대폰번호,
402,TM_PM_SETLE_INFO,40,APPLCNT_ETC_CTTPC,TEXT,YES,N,,신청자기타연락처,
403,TM_PM_SETLE_INFO,41,APPLCNT_ETC_CTTPC_REL_CD,TEXT,YES,Y,,신청자기타연락처관계코드,CM009
404,TM_PM_SETLE_INFO,42,APPLCNT_MBER_REL_CD,TEXT,YES,Y,CM009,신청자회원관계코드,
405,TM_PM_SETLE_INFO,43,BF_SETLE_KEY,FLOAT,YES,N,,이전결제KEY,
406,TM_PM_SETLE_INFO,44,OPERT_DIV_CD,TEXT,YES,Y,,작업구분코드,"1='홈페이지', 2='CRM', 3='글로벌에듀'"
407,TM_PM_SETLE_INFO,45,CARD_PWDNO_ENC,TEXT,YES,N,,카드비밀번호암호화,
408,TM_PM_SETLE_INFO,46,CRTFC_TY_CD,TEXT,YES,Y,,인증유형코드,"0=계좌, 2=휴대폰, 3=카드, 계좌=NULL"
409,TM_PM_SETLE_INFO,47,USE_YN,TEXT,YES,Y,,사용여부,Y/N
410,TM_PM_SETLE_INFO,48,FRST_RGSTR_ID,TEXT,YES,N,,최초등록자ID,
411,TM_PM_SETLE_INFO,49,FRST_RGSTR_NM,TEXT,YES,N,,최초등록자명,
412,TM_PM_SETLE_INFO,50,FRST_REGIST_DT,TIMESTAMP_NTZ,YES,N,,최초등록일시,
413,TM_PM_SETLE_INFO,51,LAST_UPDUSR_ID,TEXT,YES,N,,최종수정자ID,
414,TM_PM_SETLE_INFO,52,LAST_UPDUSR_NM,TEXT,YES,N,,최종수정자명,
415,TM_PM_SETLE_INFO,53,LAST_UPDT_DT,TIMESTAMP_NTZ,YES,N,,최종수정일시,
416,TM_RM_BPLC_MNG,1,BPLC_CD,TEXT,YES,Y,,사업장코드,TM_RM_BPLC_MNG - BPLC_CD - BPLC_KORNM
417,TM_RM_BPLC_MNG,2,NATION_CD,TEXT,YES,Y,,국가코드,TM_RM_NATION_MNG - NATION_CD - NATION_KORNM
418,TM_RM_BPLC_MNG,3,BPLC_KORNM,TEXT,YES,N,,사업장한글명,
419,TM_RM_BPLC_MNG,4,BPLC_ENGNM,TEXT,YES,N,,사업장영문명,
420,TM_RM_BPLC_MNG,5,BSNS_STRT_DE,TEXT,YES,N,,사업시작일,
421,TM_RM_BPLC_MNG,6,BSNS_END_DE,TEXT,YES,N,,사업종료일,
422,TM_RM_BPLC_MNG,7,RELATNSP_BSNS_YN,TEXT,YES,Y,,결연사업여부,Y/N
423,TM_RM_BPLC_MNG,8,RELATNSP_BSNS_DSCNTC_DE,TEXT,YES,N,,결연사업중단일,
424,TM_RM_BPLC_MNG,9,GFTMNEY_PSBL_YN,TEXT,YES,Y,,선물금가능여부,Y/N
425,TM_RM_BPLC_MNG,10,LETTER_PSBL_YN,TEXT,YES,Y,,서신가능여부,Y/N
426,TM_RM_BPLC_MNG,11,BPLC_DC,TEXT,YES,N,,사업장설명,
427,TM_RM_BPLC_MNG,12,WTWK_FROM_DSTNC,NUMBER,YES,N,,수도부터거리,
428,TM_RM_BPLC_MNG,13,CNCSN_RSN,TEXT,YES,N,,종결사유,
429,TM_RM_BPLC_MNG,14,BPLC_MTCHG_MNG_YN,TEXT,YES,Y,,사업장매칭관리여부,Y/N
430,TM_RM_BPLC_MNG,15,FRST_RGSTR_ID,TEXT,YES,N,,최초등록자ID,
431,TM_RM_BPLC_MNG,16,FRST_REGIST_DT,TIMESTAMP_NTZ,YES,N,,최초등록일시,
432,TM_RM_BPLC_MNG,17,LAST_UPDUSR_ID,TEXT,YES,N,,최종수정자ID,
433,TM_RM_BPLC_MNG,18,LAST_UPDT_DT,TIMESTAMP_NTZ,YES,N,,최종수정일시,
434,TM_RM_CHILD_MSTR_INFO,1,CHILD_CD,NUMBER,YES,Y,,아동코드,PK
435,TM_RM_CHILD_MSTR_INFO,2,CHILD_NO,TEXT,YES,N,,아동번호,
436,TM_RM_CHILD_MSTR_INFO,3,BPLC_CD,TEXT,YES,Y,,사업장코드,TM_RM_BPLC_MNG - BPLC_CD - BPLC_KORNM
437,TM_RM_CHILD_MSTR_INFO,4,CHILD_KORNM,TEXT,YES,N,,아동한글명,
438,TM_RM_CHILD_MSTR_INFO,5,CHILD_ENGNM,TEXT,YES,N,,아동영문명,
439,TM_RM_CHILD_MSTR_INFO,6,SEX,TEXT,YES,N,,성별,"m='남자', M='남자', f='여자', F='여자'"
440,TM_RM_CHILD_MSTR_INFO,7,CHILD_BRTHDY,TEXT,YES,N,,아동생년월일,
441,TM_RM_CHILD_MSTR_INFO,8,RELATNSP_STAT_CD,TEXT,YES,Y,RM076,결연상태코드,
442,TM_RM_CHILD_MSTR_INFO,9,CHILD_STAT_CD,TEXT,YES,Y,RM077,아동상태코드,
443,TM_RM_CHILD_MSTR_INFO,10,CHILD_DTL_STAT_CD,TEXT,YES,Y,RM078,아동상세상태코드,
444,TM_RM_CHILD_MSTR_INFO,11,REGIST_DIV_CD,TEXT,YES,Y,,등록구분코드,사용안함
445,TM_RM_CHILD_MSTR_INFO,12,FRST_REGIST_DT,TIMESTAMP_NTZ,YES,N,,최초등록일시,
446,TM_RM_CHILD_MSTR_INFO,13,LAST_REGIST_DT,TIMESTAMP_NTZ,YES,N,,최종등록일시,
447,TM_RM_CHILD_MSTR_INFO,14,RE_UPDT_DT,TEXT,YES,N,,재수정일시,
448,TM_RM_CHILD_MSTR_INFO,15,MNYRS_NATION_CD,TEXT,YES,Y,RM023,모금국가코드,
449,TM_RM_CHILD_MSTR_INFO,16,CMS_CHILD_NO,TEXT,YES,N,,CMS아동번호,
450,TM_RM_RELATNSP_CHG_INFO,1,RELATNSP_KEY,NUMBER,YES,N,,결연KEY,
451,TM_RM_RELATNSP_CHG_INFO,2,CHG_YN,TEXT,YES,Y,RM079,교체여부,
452,TM_RM_RELATNSP_CHG_INFO,3,CHG_RSN_CD,NUMBER,YES,Y,RM066,교체사유코드,
453,TM_RM_RELATNSP_CHG_INFO,4,CHG_RST_CD,TEXT,YES,Y,,교체결과코드,NULL
454,TM_RM_RELATNSP_CHG_INFO,5,CHG_PERSON_ID,TEXT,YES,N,,교체자ID,
455,TM_RM_RELATNSP_CHG_INFO,6,CHG_DE,TEXT,YES,N,,교체일,
456,TM_RM_RELATNSP_CHG_INFO,7,CHG_RELATNSP_KEY,NUMBER,YES,N,,교체결연KEY,
457,TM_RM_RELATNSP_MSTR_INFO,1,RELATNSP_KEY,NUMBER,YES,N,,결연KEY,
458,TM_RM_RELATNSP_MSTR_INFO,2,SPNSR_NO,TEXT,YES,N,,후원번호,
459,TM_RM_RELATNSP_MSTR_INFO,3,SPNSR_BSNS_NO,NUMBER,YES,N,,후원사업번호,
460,TM_RM_RELATNSP_MSTR_INFO,4,CHILD_CD,NUMBER,YES,Y,,아동코드,TM_RM_CHILD_MSTR_INFO - CHILD_CD
461,TM_RM_RELATNSP_MSTR_INFO,5,RELATNSP_STRT_DE,TEXT,YES,N,,결연시작일,
462,TM_RM_RELATNSP_MSTR_INFO,6,RELATNSP_DSCNTC_DE,TEXT,YES,N,,결연중단일,
463,TM_RM_RELATNSP_MSTR_INFO,7,RELATNSP_DSCNTC_YN,TEXT,YES,Y,,결연중단여부,0=후원중;1=후원중단
464,TM_RM_RELATNSP_MSTR_INFO,8,RELATNSP_DSCNTC_RSN_CD,NUMBER,YES,Y,MM002,결연중단사유코드,
465,TM_RM_RELATNSP_MSTR_INFO,9,FRST_RGSTR_ID,TEXT,YES,N,,최초등록자ID,
466,TM_RM_RELATNSP_MSTR_INFO,10,FRST_REGIST_DE,TEXT,YES,N,,최초등록일,
467,TM_RM_RELATNSP_MSTR_INFO,11,MBER_NO,TEXT,YES,N,,회원번호,
468,TC_CMMN_CD,1,CD_ID,TEXT,YES,N,,코드ID,
469,TC_CMMN_CD,2,CD_NM,TEXT,YES,N,,코드명,
470,TC_CMMN_CD,3,CD_DC,TEXT,YES,N,,코드설명,
471,TC_CMMN_CD,4,SORT_ORDR,NUMBER,YES,N,,정렬순서,
472,TC_CMMN_CD,5,RM,TEXT,YES,N,,비고,
473,TC_CMMN_CD,6,USE_YN,TEXT,YES,Y,,사용여부,Y/N
474,TC_CMMN_CD,7,FRST_RGSTR_ID,TEXT,YES,N,,최초등록자ID,
475,TC_CMMN_CD,8,FRST_REGIST_DT,TIMESTAMP_NTZ,YES,N,,최초등록일시,
476,TC_CMMN_CD,9,LAST_UPDUSR_ID,TEXT,YES,N,,최종수정자ID,
477,TC_CMMN_CD,10,LAST_UPDT_DT,TIMESTAMP_NTZ,YES,N,,최종수정일시,
478,TC_CMMN_DTL_CD,1,CD_ID,TEXT,YES,N,,코드ID,
479,TC_CMMN_DTL_CD,2,DTL_CD_ID,TEXT,YES,N,,상세코드ID,
480,TC_CMMN_DTL_CD,3,DTL_CD_NM,TEXT,YES,N,,상세코드명,
481,TC_CMMN_DTL_CD,4,DTL_CD_DC,TEXT,YES,N,,상세코드설명,
482,TC_CMMN_DTL_CD,5,SORT_ORDR,NUMBER,YES,N,,정렬순서,
483,TC_CMMN_DTL_CD,6,RM,TEXT,YES,N,,비고,
484,TC_CMMN_DTL_CD,7,USE_YN,TEXT,YES,Y,,사용여부,Y/N
485,TC_CMMN_DTL_CD,8,CD_ATRB1,TEXT,YES,N,,코드속성1,
486,TC_CMMN_DTL_CD,9,CD_ATRB2,TEXT,YES,N,,코드속성2,
487,TC_CMMN_DTL_CD,10,CD_ATRB3,TEXT,YES,N,,코드속성3,
488,TC_CMMN_DTL_CD,11,FRST_RGSTR_ID,TEXT,YES,N,,최초등록자ID,
489,TC_CMMN_DTL_CD,12,FRST_REGIST_DT,TIMESTAMP_NTZ,YES,N,,최초등록일시,
490,TC_CMMN_DTL_CD,13,LAST_UPDUSR_ID,TEXT,YES,N,,최종수정자ID,
491,TC_CMMN_DTL_CD,14,LAST_UPDT_DT,TIMESTAMP_NTZ,YES,N,,최종수정일시,
492,TC_CMMN_DTL_CD,15,UPPER_CD_ID,TEXT,YES,N,,상위코드ID,
493,TM_MM_FDRM_MBER_RELATNSP_DVLP_AMT,1,OCCRRNC_DE,TEXT,YES,N,　,발생일자,　
494,TM_MM_FDRM_MBER_RELATNSP_DVLP_AMT,2,SER_NO,NUMBER,YES,N,　,　,　Sequence number
495,TM_MM_FDRM_MBER_RELATNSP_DVLP_AMT,3,SPNSR_NO,NUMBER,YES,N,　,후원번호,　
496,TM_MM_FDRM_MBER_RELATNSP_DVLP_AMT,4,SPNSR_BSNS_NO,NUMBER,YES,N,　,후원사업번호,　
497,TM_MM_FDRM_MBER_RELATNSP_DVLP_AMT,5,MBER_NO,TEXT,YES,N,　,회원번호,　
498,TM_MM_FDRM_MBER_RELATNSP_DVLP_AMT,6,SPNSR_AMT,NUMBER,YES,N,　,후원금액,　
499,TM_MM_FDRM_MBER_RELATNSP_DVLP_AMT,7,BF_STAT_CD,TEXT,YES,Y,,이전상태코드,TM_MM_FDRM_MBER_RELATNSP_DVLP_AMT_TBL - BF_STAT_CD - BF_STAT_NM
500,TM_MM_FDRM_MBER_RELATNSP_DVLP_AMT,8,AF_STAT_CD,TEXT,YES,Y,　,　,TM_MM_FDRM_MBER_RELATNSP_DVLP_AMT_TBL - AF_STAT_CD - AF_STAT_NM
501,TM_MM_FDRM_MBER_RELATNSP_DVLP_AMT,9,RELATNSP_DVLP_DIV_CD,TEXT,YES,Y,　,　,TM_MM_FDRM_MBER_RELATNSP_DVLP_AMT_TBL - DVLP_DIV_CD - DVLP_DIV_NM
502,TM_MM_FDRM_MBER_RELATNSP_DVLP_AMT,10,ACCNUT_STATS_CD,TEXT,YES,Y,　,　,TM_MM_FDRM_MBER_RELATNSP_DVLP_AMT_TBL - MBER_STATS_CD - MBER_STATS_NM
503,TM_MM_FDRM_MBER_RELATNSP_DVLP_AMT,11,CHILD_STATS_CD,TEXT,YES,Y,　,　,TM_MM_FDRM_MBER_RELATNSP_DVLP_AMT_TBL - CHILD_STATS_CD - CHILD_STATS_NM
504,TM_MM_FDRM_MBER_SPNSR,1,SPNSR_NO,TEXT,YES,N,　,후원번호,　
505,TM_MM_FDRM_MBER_SPNSR,2,MBER_NO,TEXT,YES,N,　,회원번호,　
506,TM_MM_FDRM_MBER_SPNSR,3,CMPGN_CD,TEXT,YES,Y,,캠페인코드,TM_CM_CMPGN_MNG - CMPGN_CD - CMPGN_NM
507,TM_MM_FDRM_MBER_SPNSR,4,ACMSLT_DEPT_CD,TEXT,YES,Y,TM_CM_DEPT_INFO,실적부서코드,TM_CM_DEPT_INFO - DEPT_ID - DEPT_NM
508,TM_MM_FDRM_MBER_SPNSR,5,JOIN_PATH_CD,TEXT,YES,Y,MM014,가입경로코드,　
509,TM_MM_FDRM_MBER_SPNSR,6,FRST_RGSTR_ID,TEXT,YES,N,　,최초등록자,　
510,TM_MM_FDRM_MBER_SPNSR,7,FRST_REGIST_DT,TIMESTAMP_NTZ,YES,N,　,최초등록일,　
511,TM_MM_FDRM_MBER_SPNSR_BSNS,1,SPNSR_NO,TEXT,YES,N,　,후원번호,　
512,TM_MM_FDRM_MBER_SPNSR_BSNS,2,SPNSR_BSNS_NO,NUMBER,YES,N,　,후원사업번호,　
513,TM_MM_FDRM_MBER_SPNSR_BSNS,3,SPNSR_BSNS_ID,TEXT,YES,N,　,후원사업코드,　
514,TM_MM_FDRM_MBER_SPNSR_BSNS,4,SPNSR_AMT,NUMBER,YES,N,　,후원금액,　
515,TM_MM_FDRM_MBER_SPNSR_BSNS,5,SPNSR_DSCNTC_DE,TEXT,YES,N,　,후원중단일,　
516,TM_MM_FDRM_MBER_SPNSR_BSNS,6,SPNSR_DSCNTC_YN,TEXT,YES,Y,,후원중단여부,Y/N Y=중단완료 / N=후원중
517,TM_MM_FDRM_MBER_SPNSR_BSNS,7,SPNSR_DSCNTC_RSN_CD,TEXT,YES,Y,MM002,후원사업취소사유,　
518,TM_MM_FDRM_MBER_SPNSR_DSCNTC,1,MBER_NO,TEXT,YES,N,　,회원번호,　
519,TM_MM_FDRM_MBER_SPNSR_DSCNTC,2,SPNSR_DSCNTC_DE,TEXT,YES,N,　,후원중단일,　
520,TM_MM_FDRM_MBER_SPNSR_DSCNTC,3,SER_NO,NUMBER,YES,N,　,　,Sequence number
521,TM_MM_FDRM_MBER_SPNSR_DSCNTC,4,DSCNTC_RSN_CD,TEXT,YES,Y,MM005,후원중단사유,　
522,TM_MM_FDRM_MBER_SPNSR_DSCNTC,5,DSCNTC_PATH,TEXT,YES,Y,MM287,후원중단경로,　
523,TM_MM_FDRM_MBER_SPNSR_DSCNTC,6,REGIST_DEPT_CD,TEXT,YES,Y,,등록부서코드,TM_CM_DEPT_INFO - DEPT_ID - DEPT_NM
524,TM_MM_FDRM_MBER_SPNSR_DSCNTC,7,FRST_RGSTR_ID,TEXT,YES,N,　,최초등록자,　
525,TM_CM_MBER_DVLP_GOAL,1,STDYY,TEXT,NO,N,,기준연,
526,TM_CM_MBER_DVLP_GOAL,2,STDR_MT,TEXT,NO,N,,기준월,
527,TM_CM_MBER_DVLP_GOAL,3,MBER_DVLP_DIV_CD,NUMBER,NO,Y,MM015,개발구분,
528,TM_CM_MBER_DVLP_GOAL,4,DEPT_ID,TEXT,NO,N,,부서,
529,TM_CM_MBER_DVLP_GOAL,5,GOAL_CNT,NUMBER,YES,N,,개발목표수,
530,TM_CM_MBER_DVLP_GOAL,6,FRST_RGSTR_ID,TEXT,YES,N,,최초등록자,
531,TM_CM_MBER_DVLP_GOAL,7,FRST_REGIST_DT,TIMESTAMP_NTZ,YES,N,,최초등록일시,
532,TM_CM_MBER_DVLP_GOAL,8,LAST_UPDUSR_ID,TEXT,YES,N,,최종등록자ID,
533,TM_CM_MBER_DVLP_GOAL,9,LAST_UPDT_DT,TIMESTAMP_NTZ,YES,N,,최종등록일시,
534,SND_REQ_MST,1,SEQ_NO,NUMBER,NO,,,,
535,SND_REQ_MST,2,SEND_GBN_TOP,TEXT,YES,,,,
536,SND_REQ_MST,3,SEND_GBN_MID,TEXT,YES,,,,
537,SND_REQ_MST,4,SEND_GBN_BOT,TEXT,YES,,,,
538,SND_REQ_MST,5,SEND_TITLE,TEXT,YES,,,,
539,SND_REQ_MST,6,MSG_TYPE,TEXT,YES,,,,
540,SND_REQ_MST,7,MAIL_CONT,TEXT,YES,,,,
541,SND_REQ_MST,8,TMPL_CODE,TEXT,YES,,,,
542,SND_REQ_MST,9,AUTHOR,TEXT,YES,,,,
543,SND_REQ_MST,10,CREATE_DATE,TIMESTAMP_NTZ,YES,,,,
544,SND_REQ_MST,11,CONDITION_TITLE,TEXT,YES,,,,
545,SND_REQ_MST,12,CALL_NUMBER,TEXT,YES,,,,
546,SND_REQ_MST,13,ALT_SMS_YN,TEXT,YES,,,,
547,SND_REQ_MST,14,ALIM_TALK_CONT,TEXT,YES,,,,
548,SND_REQ_MST,15,SMS_TALK_CONT,TEXT,YES,,,,
549,SND_REQ_MST,16,REGULARLY,TEXT,YES,,,,
550,SND_REQ_MST,17,PERIODIC,TEXT,YES,,,,
551,SND_REQ_MST,18,PERIODIC_WEEK,TEXT,YES,,,,
552,SND_REQ_MST,19,PERIODIC_DAY,NUMBER,YES,,,,
553,SND_REQ_MST,20,SEND_DATE,TIMESTAMP_NTZ,YES,,,,
554,SND_REQ_MST,21,SEND_TIME,TEXT,YES,,,,
555,SND_REQ_MST,22,SEND_MIN,TEXT,YES,,,,
556,SND_REQ_MST,23,SEND_SPLIT_TYPE,TEXT,YES,,,,
557,SND_REQ_MST,24,DIVIDE,NUMBER,YES,,,,
558,SND_REQ_MST,25,DIVIDE_UNIT,NUMBER,YES,,,,
559,SND_REQ_MST,26,CORP_TYPE,TEXT,YES,,,,
560,SND_REQ_MST,27,AUTO_TYPE,TEXT,YES,,,,
561,SND_REQ_MST,28,USE_YN,TEXT,YES,,,,
562,SND_REQ_MST,29,REG_ID,TEXT,YES,,,,
563,SND_REQ_MST,30,MOD_DATE,TIMESTAMP_NTZ,YES,,,,
564,SND_REQ_MST,31,INIT_REG_DATE,TIMESTAMP_NTZ,YES,,,,
565,SND_REQ_MST,32,LAST_SEND_DATE,TIMESTAMP_NTZ,YES,,,,
566,SND_REQ_MST,33,APPR_STATUS,TEXT,YES,,,,
567,SND_REQ_MST,34,CREATE_DEPT,TEXT,YES,,,,
568,SND_REQ_MST,35,SENDER_EMAIL,TEXT,YES,,,,
569,SND_REQ_MST,36,RCPT_LIST,TEXT,YES,,,,
570,SND_REQ_MST,37,SEND_STATUS,TEXT,YES,,,,
571,SND_REQ_MST,38,SEND_CNT,NUMBER,YES,,,,
572,SND_REQ_MST,39,FAIL_CNT,NUMBER,YES,,,,
573,SND_REQ_MST,40,LAST_ERR,TEXT,YES,,,,
574,SND_REQ_MST,41,END_DATE,TIMESTAMP_NTZ,YES,,,,
575,SND_REQ_MST,42,PAPER_YEAR,TEXT,YES,,,,
576,SND_REQ_MST,43,MENU_CODE,TEXT,YES,,,,
577,SND_REQ_MST,44,SEND_GBN_TOP_NM,TEXT,YES,,,,
578,SND_REQ_MST,45,SEND_GBN_MID_NM,TEXT,YES,,,,
579,SND_REQ_MST,46,SEND_GBN_BOT_NM,TEXT,YES,,,,
580,SND_REQ_MST,47,TARGET_CNT,NUMBER,YES,,,,
581,SND_REQ_MST,48,SEND_ROUND,TIMESTAMP_NTZ,YES,,,,
582,SND_REQ_MST,49,BTN_LIST,TEXT,YES,,,,
583,SND_REQ_MST,50,EXTRA,TEXT,YES,,,,
584,SND_REQ_MST,51,ASSIGN_TARGET_CNT,NUMBER,YES,,,,
585,SND_REQ_MST,52,FIRST_SEQ_NO,NUMBER,YES,,,,
586,SND_REQ_MST,53,JOB_ID,TEXT,YES,,,,
587,SND_REQ_MST,54,SYNCED_AT,TEXT,YES,,,,
588,SND_REQ_MST,55,REG_NM,TEXT,YES,,,,
589,SND_REQ_MST,56,SERVICE_MENU_CODE,TEXT,YES,,,,
590,SND_MEMBER_LIST,1,REQ_SEQ_NO,NUMBER,NO,,,,
591,SND_MEMBER_LIST,2,R_NUM,NUMBER,NO,,,,
592,SND_MEMBER_LIST,3,MBER_NO,TEXT,YES,,,,
593,SND_MEMBER_LIST,4,MBER_KORNM,TEXT,YES,,,,
594,SND_MEMBER_LIST,5,MBTLNUM,TEXT,YES,,,,
595,SND_MEMBER_LIST,6,EMAIL,TEXT,YES,,,,
596,SND_MEMBER_LIST,7,SPNSR_CD,TEXT,YES,,,,
597,SND_MEMBER_LIST,8,SPNSR_NM,TEXT,YES,,,,
598,SND_MEMBER_LIST,9,CMPGN_CD,TEXT,YES,,,,
599,SND_MEMBER_LIST,10,CMPGN_NM,TEXT,YES,,,,
600,SND_MEMBER_LIST,11,GENDER,TEXT,YES,,,,
601,SND_MEMBER_LIST,12,AGE,TEXT,YES,,,,
602,SND_MEMBER_LIST,13,SETLE_CD,TEXT,YES,,,,
603,SND_MEMBER_LIST,14,SETLE_NM,TEXT,YES,,,,
604,SND_MEMBER_LIST,15,DSCNTC_PATH,TEXT,YES,,,,
605,SND_MEMBER_LIST,16,DSCNTC_RSN_CD,TEXT,YES,,,,
606,SND_MEMBER_LIST,17,DSCNTC_RSN_NM,TEXT,YES,,,,
607,SND_MEMBER_LIST,18,CHILD_NO,TEXT,YES,,,,
608,SND_MEMBER_LIST,19,CHILD_KOR_NM,TEXT,YES,,,,
609,SND_MEMBER_LIST,20,LST_BRND_CD,TEXT,YES,,,,
610,SND_MEMBER_LIST,21,LST_BRND_NM,TEXT,YES,,,,
611,SND_MEMBER_LIST,22,FRST_REGIST_DT,TIMESTAMP_NTZ,YES,,,,
612,SND_MEMBER_LIST,23,MNG_NO,TEXT,YES,,,,
613,SND_MEMBER_LIST,24,LETTER_DIV_CD,TEXT,YES,,,,
614,SND_MEMBER_LIST,25,CHILD_DTL_CD,TEXT,YES,,,,
615,SND_MEMBER_LIST,26,CHILD_DTL_NM,TEXT,YES,,,,
616,SND_MEMBER_LIST,27,RELATNSP_DSCNTC_YN,TEXT,YES,,,,
617,SND_MEMBER_LIST,28,FRST_SPNSR,TEXT,YES,,,,
618,SND_MEMBER_LIST,29,FRST_BRND_CD,TEXT,YES,,,,
619,SND_MEMBER_LIST,30,FRST_BRND_NM,TEXT,YES,,,,
620,SND_MEMBER_LIST,31,RELATNSP_KEY,NUMBER,YES,,,,
621,SND_MEMBER_LIST,32,LST_REGIST_DT,TIMESTAMP_NTZ,YES,,,,
622,SND_MEMBER_LIST,33,FAX,TEXT,YES,,,,
623,SND_MEMBER_LIST,34,PRIV_SUSP_YN,TEXT,YES,,,,
624,SND_MEMBER_LIST,35,SND_YN,TEXT,YES,,,,
625,SND_MEMBER_LIST,36,SND_MSG,TEXT,YES,,,,
626,SND_MEMBER_LIST,37,REG_DATE,TIMESTAMP_NTZ,YES,,,,
627,SND_MEMBER_LIST,38,SND_DT,TIMESTAMP_NTZ,YES,,,,
628,SND_MEMBER_LIST,39,SND_HOUR,TEXT,YES,,,,
629,SND_MEMBER_LIST,40,SND_MIN,TEXT,YES,,,,
630,SND_MEMBER_LIST,41,email_recptn_cd,TEXT,YES,,,,
631,SND_MEMBER_LIST,42,email_recptn_nm,TEXT,YES,,,,
632,SND_MEMBER_LIST,43,CHILD_PIC,TEXT,YES,,,,
633,SND_MEMBER_LIST,44,NATION_CD,TEXT,YES,,,,
634,SND_MEMBER_LIST,45,NATION_NM,TEXT,YES,,,,
635,SND_MEMBER_LIST,46,BPLC_CD,TEXT,YES,,,,
636,SND_MEMBER_LIST,47,BPLC_KOR_NM,TEXT,YES,,,,
637,SND_MEMBER_LIST,48,CHILD_BIRTHDAY,TIMESTAMP_NTZ,YES,,,,
638,SND_MEMBER_LIST,49,ACL_CNTNT,TEXT,YES,,,,
639,SND_MEMBER_LIST,50,DISCHARGE_REPORT_KOR,TEXT,YES,,,,
640,SND_MEMBER_LIST,51,PAST_NATION_NM,TEXT,YES,,,,
641,SND_MEMBER_LIST,52,PAST_BPLC_NM,TEXT,YES,,,,
642,SND_MEMBER_LIST,53,PAST_CHILD_NM,TEXT,YES,,,,
643,SND_MEMBER_LIST,54,PAST_CHILD_NO,TEXT,YES,,,,
644,SND_MEMBER_LIST,55,FAMILY_DTL,TEXT,YES,,,,
645,SND_MEMBER_LIST,56,FINAL_ACL_SCAN_CP,TEXT,YES,,,,
646,SND_MEMBER_LIST,57,FINAL_ACL_CHILD_PIC,TEXT,YES,,,,
647,SND_MEMBER_LIST,58,FINAL_ACL_TRANSLATED_CNTNT,TEXT,YES,,,,
648,SND_MEMBER_LIST,59,FINAL_CHILD_SPNSR_START_DT,TIMESTAMP_NTZ,YES,,,,
649,SND_MEMBER_LIST,60,NEW_CHILD_NO,TEXT,YES,,,,
650,SND_MEMBER_LIST,61,NEW_CHILD_NM,TEXT,YES,,,,
651,SND_MEMBER_LIST,62,NEW_CHILD_ENGLISH_NAME,TEXT,YES,,,,
652,SND_MEMBER_LIST,63,NEW_CHILD_PROJECT_COUNTRY,TEXT,YES,,,,
653,SND_MEMBER_LIST,64,NEW_CHILD_WORKPLACE_NM,TEXT,YES,,,,
654,SND_MEMBER_LIST,65,NEW_CHILD_BIRTH_DT,TIMESTAMP_NTZ,YES,,,,
655,SND_MEMBER_LIST,66,NEW_CHILD_PIC,TEXT,YES,,,,
656,SND_MEMBER_LIST,67,NEW_CHILD_GENDER,TEXT,YES,,,,
657,SND_MEMBER_LIST,68,RELATN_CHILD_PIC,TEXT,YES,,,,
658,SND_MEMBER_LIST,69,SPNSR_AMOUNT,NUMBER,YES,,,,
659,SND_MEMBER_LIST,70,SPNSR_STRT_DT,TIMESTAMP_NTZ,YES,,,,
660,SND_MEMBER_LIST,71,SPNSR_DSCNTC_DT,TIMESTAMP_NTZ,YES,,,,
661,SND_MEMBER_LIST,72,RELATNSP_DT,TIMESTAMP_NTZ,YES,,,,
662,SND_MEMBER_LIST,73,MBER_BIRTHDAY,TIMESTAMP_NTZ,YES,,,,
663,SND_MEMBER_LIST,74,SPNSR_TYPE,TEXT,YES,,,,
664,SND_MEMBER_LIST,75,CPR_DIV_CD,TEXT,YES,,,,
665,SND_MEMBER_LIST,76,DEPT_CD,TEXT,YES,,,,
666,SND_MEMBER_LIST,77,CURRENT_BRND,TEXT,YES,,,,
667,SND_MEMBER_LIST,78,CURRENT_UPPER_CMPGN,TEXT,YES,,,,
668,SND_MEMBER_LIST,79,CURRENT_CMPGN,TEXT,YES,,,,
669,SND_MEMBER_LIST,80,FIRST_UPPER_CMPGN,TEXT,YES,,,,
670,SND_MEMBER_LIST,81,FIRST_CMPGN,TEXT,YES,,,,
671,SND_MEMBER_LIST,82,LAST_TOP_CMPGN,TEXT,YES,,,,
672,SND_MEMBER_LIST,83,LAST_CMPGN,TEXT,YES,,,,
673,SND_MEMBER_LIST,84,SMS_TALK_CONT,TEXT,YES,,,,
674,SND_MEMBER_LIST,85,MAIL_CONT,TEXT,YES,,,,
675,SND_MEMBER_LIST,86,ALIM_TALK_CONT,TEXT,YES,,,,
676,SND_MEMBER_LIST,87,BTN_LIST,TEXT,YES,,,,
677,SND_MEMBER_LIST,88,EXTRA,TEXT,YES,,,,
678,SND_MEMBER_LIST,89,MSG_KEY,TEXT,YES,,,,
679,SND_MEMBER_LIST,90,CINFO,TEXT,YES,,,,
680,SND_MEMBER_LIST,91,RESPONSED_YN,TEXT,YES,,,,
681,SND_MEMBER_LIST,92,RESPONSED_DT,TIMESTAMP_NTZ,YES,,,,
682,SND_MEMBER_LIST,93,SYNCED_AT,TIMESTAMP_NTZ,YES,,,,
683,SND_MEMBER_LIST,94,CALL_STATUS,TEXT,YES,,,,
684,SND_MEMBER_LIST,95,REAL_SEND_DT,TIMESTAMP_NTZ,YES,,,,
685,SND_MEMBER_LIST,96,LAST_UPPER_CMPGN,TEXT,YES,,,,
686,TM_RM_RELATNSP_GFTMNEY_INFO,1,RELATNSP_KEY,NUMBER,NO,,,,
687,TM_RM_RELATNSP_GFTMNEY_INFO,2,MNG_NO,TEXT,NO,,,,
688,TM_RM_RELATNSP_GFTMNEY_INFO,3,MBRFEE_KEY,NUMBER,NO,,,,
689,TM_RM_RELATNSP_GFTMNEY_INFO,4,SETLE_DE,TIMESTAMP_NTZ,YES,,,,
690,TM_RM_RELATNSP_GFTMNEY_INFO,5,SETLE_CD,TEXT,YES,,,,
691,TM_RM_RELATNSP_GFTMNEY_INFO,6,SETLE_BANK_CD,TEXT,YES,,,,
692,TM_RM_RELATNSP_GFTMNEY_INFO,7,SETLE_NO_ENC,TEXT,YES,,,,
693,TM_RM_RELATNSP_GFTMNEY_INFO,8,GFTMNEY,NUMBER,YES,,,,
694,TM_RM_RELATNSP_GFTMNEY_INFO,9,GFT_DIV_CD,TEXT,YES,,,,
695,TM_RM_RELATNSP_GFTMNEY_INFO,10,KOREAN_RM_CTNT,TEXT,YES,,,,
696,TM_RM_RELATNSP_GFTMNEY_INFO,11,ENGL_RM_CTNT,TEXT,YES,,,,
697,TM_RM_RELATNSP_GFTMNEY_INFO,12,SNDNG_DE,TIMESTAMP_NTZ,YES,,,,
698,TM_RM_RELATNSP_GFTMNEY_INFO,13,EHGT,TEXT,YES,,,,
699,TM_RM_RELATNSP_GFTMNEY_INFO,14,GFTMNEY_DOLLAR_AMT,TEXT,YES,,,,
700,TM_RM_RELATNSP_GFTMNEY_INFO,15,APRV_DE,TIMESTAMP_NTZ,YES,,,,
701,TM_RM_RELATNSP_GFTMNEY_INFO,16,UNREPLY_RSN_CD,NUMBER,YES,,,,
702,TM_RM_RELATNSP_GFTMNEY_INFO,17,TRNSFER_KEY,NUMBER,YES,,,,
703,TM_RM_RELATNSP_GFTMNEY_INFO,18,TRNSFER_YN,TEXT,YES,,,,
704,TM_RM_RELATNSP_GFTMNEY_INFO,19,TRNSFER_AFTER_RELATNSP_KEY,NUMBER,YES,,,,
705,TM_RM_RELATNSP_LETTER_INFO,1,RELATNSP_KEY,NUMBER,NO,,,,
706,TM_RM_RELATNSP_LETTER_INFO,2,MNG_NO,TEXT,NO,,,,
707,TM_RM_RELATNSP_LETTER_INFO,3,LETTER_DIV_CD,NUMBER,YES,,,,
708,TM_RM_RELATNSP_LETTER_INFO,4,CTNT,TEXT,YES,,,,
709,TM_RM_RELATNSP_LETTER_INFO,5,RCEPT_DE,TIMESTAMP_NTZ,YES,,,,
710,TM_RM_RELATNSP_LETTER_INFO,6,SNDNG_DE,TIMESTAMP_NTZ,YES,,,,
711,TM_RM_RELATNSP_LETTER_INFO,7,ONLINE_POST_WRITNG_YN,TEXT,YES,,,,
712,TM_RM_RELATNSP_LETTER_INFO,8,FRST_RGSTR_ID,TEXT,YES,,,,
713,TM_RM_RELATNSP_LETTER_INFO,9,FRST_REGIST_DE,TIMESTAMP_NTZ,YES,,,,
714,TM_RM_RELATNSP_LETTER_INFO,10,EXCEL_SER_NO,NUMBER,YES,,,,
715,TM_RM_RELATNSP_LETTER_INFO,11,UNREPLY_RSN_CD,NUMBER,YES,,,,
716,TM_RM_RELATNSP_LETTER_INFO,12,LANG_CD,TEXT,YES,,,,
717,TM_RM_RELATNSP_LETTER_INFO,13,ONLINE_INFLOW_CD,NUMBER,YES,,,,
718,TM_RM_RELATNSP_LETTER_INFO,14,LETTER_STAT_CD,NUMBER,YES,,,,
719,TM_MS_CRMN,1,CRMN_CD,NUMBER,NO,,,,
720,TM_MS_CRMN,2,CRMN_DIV_CD,TEXT,YES,,,,
721,TM_MS_CRMN,3,CRMN_TIT,TEXT,YES,,,,
722,TM_MS_CRMN,4,CRMN_PLACE_NM,TEXT,YES,,,,
723,TM_MS_CRMN,5,BRNCH_DEPT_ID,TEXT,YES,,,,
724,TM_MS_CRMN,6,ATCHFL_ID,TEXT,YES,,,,
725,TM_MS_CRMN,7,SITE_URL,TEXT,YES,,,,
726,TM_MS_CRMN,8,CRMN_STRT_DE,TEXT,YES,,,,
727,TM_MS_CRMN,9,CRMN_END_DE,TEXT,YES,,,,
728,TM_MS_CRMN,10,CRMN_PART_STRT_DE,TEXT,YES,,,,
729,TM_MS_CRMN,11,CRMN_PART_END_DE,TEXT,YES,,,,
730,TM_MS_CRMN,12,TAT,NUMBER,YES,,,,
731,TM_MS_CRMN,13,RCRIT_PSNNL_CO,NUMBER,YES,,,,
732,TM_MS_CRMN,14,RESRCE_SRVC_FG,NUMBER,YES,,,,
733,TM_MS_CRMN,15,CPR_DIV_CD,TEXT,YES,,,,
734,TM_MS_CRMN,16,ENTRPS_CD,NUMBER,YES,,,,
735,TM_MS_CRMN,17,RM,TEXT,YES,,,,
736,TM_MS_CRMN,18,CRMN_CTNT,TEXT,YES,,,,
737,TM_MS_CRMN,19,USE_YN,TEXT,YES,,,,
738,TM_MS_CRMN,20,PART_USE_YN,TEXT,YES,,,,
739,TM_MS_CRMN,21,TMPLAT_ID,TEXT,YES,,,,
740,TM_MS_CRMN,22,TMPLAT_TIT,TEXT,YES,,,,
741,TM_MS_CRMN,23,TMPLAT_PART_ID,TEXT,YES,,,,
742,TM_MS_CRMN,24,TMPLAT_PART_TIT,TEXT,YES,,,,
743,TM_MS_CRMN,25,FRST_RGSTR_ID,TEXT,YES,,,,
744,TM_MS_CRMN,26,FRST_REGIST_DT,TIMESTAMP_NTZ,YES,,,,
745,TM_MS_CRMN,27,LAST_UPDUSR_ID,TEXT,YES,,,,
746,TM_MS_CRMN,28,LAST_UPDT_DT,TIMESTAMP_NTZ,YES,,,,
747,TM_MS_CRMN,29,SRVY,TEXT,YES,,,,
748,TM_MS_CRMN,30,RM2,TEXT,YES,,,,
749,TM_MS_CRMN,31,PROMO_CODE,TEXT,YES,,,,
750,TD_MS_CRMN_PRTCPNT,1,CRMN_CD,NUMBER,NO,,,,
751,TD_MS_CRMN_PRTCPNT,2,PRTCPNT_KEY,NUMBER,NO,,,,
752,TD_MS_CRMN_PRTCPNT,3,MBER_NO,TEXT,YES,,,,
753,TD_MS_CRMN_PRTCPNT,4,RQST_PATH_CD,TEXT,YES,,,,
754,TD_MS_CRMN_PRTCPNT,5,PARTCPT_TIME_CO,NUMBER,YES,,,,
755,TD_MS_CRMN_PRTCPNT,6,PARTCPT_STAT_CD,TEXT,YES,,,,
756,TD_MS_CRMN_PRTCPNT,7,SELF_PARTCPT_CD,TEXT,YES,,,,
757,TD_MS_CRMN_PRTCPNT,8,RCPMNY_STAT_CD,TEXT,YES,,,,
758,TD_MS_CRMN_PRTCPNT,9,RCPMNY_DATE,TEXT,YES,,,,
759,TD_MS_CRMN_PRTCPNT,10,REFND_DATE,TEXT,YES,,,,
760,TD_MS_CRMN_PRTCPNT,11,RQST_DATE,TEXT,YES,,,,
761,TD_MS_CRMN_PRTCPNT,12,PARTCPT_DATE,TEXT,YES,,,,
762,TD_MS_CRMN_PRTCPNT,13,RCPMNY_AMT,NUMBER,YES,,,,
763,TD_MS_CRMN_PRTCPNT,14,ACMPNY_PARTCPT_CO,NUMBER,YES,,,,
764,TD_MS_CRMN_PRTCPNT,15,RM,TEXT,YES,,,,
765,TD_MS_CRMN_PRTCPNT,16,FRST_RGSTR_ID,TEXT,YES,,,,
766,TD_MS_CRMN_PRTCPNT,17,FRST_REGIST_DT,TIMESTAMP_NTZ,YES,,,,
767,TD_MS_CRMN_PRTCPNT,18,LAST_UPDUSR_ID,TEXT,YES,,,,
768,TD_MS_CRMN_PRTCPNT,19,LAST_UPDT_DT,TIMESTAMP_NTZ,YES,,,,
769,TM_MS_EVENT,1,EVENT_CD,NUMBER,NO,,,,
770,TM_MS_EVENT,2,EVENT_DIV_CD,TEXT,YES,,,,
771,TM_MS_EVENT,3,EVENT_NM,TEXT,YES,,,,
772,TM_MS_EVENT,4,STRT_DATE,TEXT,YES,,,,
773,TM_MS_EVENT,5,END_DATE,TEXT,YES,,,,
774,TM_MS_EVENT,6,PRZWIN_PSNNL_CO,NUMBER,YES,,,,
775,TM_MS_EVENT,7,PRZWIN_GFT_SNDNG_DE,TEXT,YES,,,,
776,TM_MS_EVENT,8,FRST_RGSTR_ID,TEXT,YES,,,,
777,TM_MS_EVENT,9,FRST_REGIST_DT,TIMESTAMP_NTZ,YES,,,,
778,TM_MS_EVENT,10,LAST_UPDUSR_ID,TEXT,YES,,,,
779,TM_MS_EVENT,11,LAST_UPDT_DT,TIMESTAMP_NTZ,YES,,,,
780,TD_MS_EVENT_PRTCPNT_DTL,1,EVENT_CD,NUMBER,NO,,,,
781,TD_MS_EVENT_PRTCPNT_DTL,2,MBER_NO,TEXT,NO,,,,
782,TD_MS_EVENT_PRTCPNT_DTL,3,PARTCPT_SEQ,NUMBER,NO,,,,
783,TD_MS_EVENT_PRTCPNT_DTL,4,EVENT_PARTCPT_DIV_CD,TEXT,YES,,,,
784,TD_MS_EVENT_PRTCPNT_DTL,5,PRZWIN_CD,NUMBER,YES,,,,
785,TD_MS_EVENT_PRTCPNT_DTL,6,PARTCPT_CHNNL_CD,TEXT,YES,,,,
786,TD_MS_EVENT_PRTCPNT_DTL,7,PARTCPT_PATH_CD,TEXT,YES,,,,
787,TD_MS_EVENT_PRTCPNT_DTL,8,PARTCPT_STAT_CD,TEXT,YES,,,,
788,TD_MS_EVENT_PRTCPNT_DTL,9,PARTCPT_DT,TIMESTAMP_NTZ,YES,,,,
789,TD_MS_EVENT_PRTCPNT_DTL,10,RM,TEXT,YES,,,,
790,TD_MS_EVENT_PRTCPNT_DTL,11,RM2,TEXT,YES,,,,
791,TD_MS_EVENT_PRTCPNT_DTL,12,FRST_RGSTR_ID,TEXT,YES,,,,
792,TD_MS_EVENT_PRTCPNT_DTL,13,FRST_REGIST_DT,TIMESTAMP_NTZ,YES,,,,
793,TD_MS_EVENT_PRTCPNT_DTL,14,LAST_UPDUSR_ID,TEXT,YES,,,,
794,TD_MS_EVENT_PRTCPNT_DTL,15,LAST_UPDT_DT,TIMESTAMP_NTZ,YES,,,,
795,TM_MM_FDRM_MBER_RE_SPNSR,1,MBER_NO,TEXT,NO,,,,
796,TM_MM_FDRM_MBER_RE_SPNSR,2,SER_NO,NUMBER,NO,,,,
797,TM_MM_FDRM_MBER_RE_SPNSR,3,RE_SPNSR_DE,TEXT,NO,,,,
798,TM_MM_FDRM_MBER_RE_SPNSR,4,REGIST_DEPT_CD,TEXT,YES,Y,TM_CM_DEPT_INFO,,
799,TM_MM_FDRM_MBER_RE_SPNSR,5,FRST_RGSTR_ID,TEXT,YES,,,,
800,TM_MM_FDRM_MBER_IRSD,1,OCCRRNC_DE,TEXT,NO,,,,
801,TM_MM_FDRM_MBER_IRSD,2,SER_NO,NUMBER,NO,,,,
802,TM_MM_FDRM_MBER_IRSD,3,ACMSLT_DEPT_CD,TEXT,YES,Y,TM_CM_DEPT_INFO,,
803,TM_MM_FDRM_MBER_IRSD,4,CMPGN_CD,TEXT,YES,Y,TM_CM_CMPGN_MNG,,
804,TM_MM_FDRM_MBER_IRSD,5,MBER_NO,TEXT,YES,,,,
805,TM_MM_FDRM_MBER_IRSD,6,SPNSR_AMT,NUMBER,YES,,,,
806,TM_MM_FDRM_MBER_IRSD,7,SETLE_CD,TEXT,YES,Y,PM040,,
807,TM_MM_FDRM_MBER_IRSD,8,MBER_DIV_CD,TEXT,YES,Y,MM018,,
808,TM_MM_FDRM_MBER_IRSD,9,SEX,TEXT,YES,Y,CM013,,
809,TM_MM_FDRM_MBER_IRSD,10,AREA_CD,TEXT,YES,Y,CM011,,
810,TM_MM_FDRM_MBER_IRSD,11,AGE,NUMBER,YES,Y,CM014,,
811,TM_MM_FDRM_MBER_IRSD,12,SPNSR_TIME_CO,NUMBER,YES,,,,
812,TM_MM_FDRM_MBER_IRSD,13,SPNSR_AMT_CD,TEXT,YES,Y,CM012,,
813,TM_MM_FDRM_MBER_IRSD,14,RDCAMT_YN,TEXT,YES,,,,
814,TM_MM_FDRM_MBER_IRSD,15,FRST_RGSTR_ID,TEXT,YES,,,,
815,TM_MM_FDRM_MBER_SPNSR_BSNS,1,SPNSR_NO,TEXT,NO,Y,TM_MM_FDRM_MBER_DVLP_AMT,,
816,TM_MM_FDRM_MBER_SPNSR_BSNS,2,SPNSR_BSNS_NO,NUMBER,NO,Y,TM_MM_FDRM_MBER_DVLP_AMT,,
817,TM_MM_FDRM_MBER_SPNSR_BSNS,3,SPNSR_BSNS_ID,TEXT,YES,,,,
818,TM_MM_FDRM_MBER_SPNSR_BSNS,4,SPNSR_AMT,NUMBER,YES,,,,
819,TM_MM_FDRM_MBER_SPNSR_BSNS,5,SPNSR_DSCNTC_DE,TEXT,YES,,,,
820,TM_MM_FDRM_MBER_SPNSR_BSNS,6,SPNSR_DSCNTC_YN,TEXT,YES,,,,
821,TM_MM_FDRM_MBER_SPNSR_BSNS,7,SPNSR_DSCNTC_RSN_CD,TEXT,YES,Y,MM005,,
822,TM_MM_FDRM_MBER_SPNSR_DSCNTC,1,MBER_NO,TEXT,NO,,,,
823,TM_MM_FDRM_MBER_SPNSR_DSCNTC,2,SPNSR_DSCNTC_DE,TEXT,NO,,,,
824,TM_MM_FDRM_MBER_SPNSR_DSCNTC,3,SER_NO,NUMBER,NO,,,,
825,TM_MM_FDRM_MBER_SPNSR_DSCNTC,4,DSCNTC_RSN_CD,TEXT,YES,Y,MM005,,
826,TM_MM_FDRM_MBER_SPNSR_DSCNTC,5,DSCNTC_PATH,TEXT,YES,Y,MM287,,
827,TM_MM_FDRM_MBER_SPNSR_DSCNTC,6,REGIST_DEPT_CD,TEXT,YES,Y,TM_CM_DEPT_INFO,,
828,TM_MM_FDRM_MBER_SPNSR_DSCNTC,7,FRST_RGSTR_ID,TEXT,YES,,,,
829,TH_PM_SETLE_INFO_HIST,1,SETLE_KEY,NUMBER,NO,,,,
830,TH_PM_SETLE_INFO_HIST,2,UPDT_DT,TIMESTAMP_NTZ,YES,,,,
831,TH_PM_SETLE_INFO_HIST,3,UPDUSR_ID,TEXT,YES,,,,
832,TH_PM_SETLE_INFO_HIST,4,UPDUSR_NM,TEXT,YES,,,,
833,TH_PM_SETLE_INFO_HIST,5,MBER_NO,TEXT,NO,,,,
834,TH_PM_SETLE_INFO_HIST,6,CPR_DIV_CD,TEXT,NO,,,,
835,TH_PM_SETLE_INFO_HIST,7,SETLE_CD,TEXT,NO,Y,PM040,,
836,TH_PM_SETLE_INFO_HIST,8,WTDRW_STRT_DE,TIMESTAMP_NTZ,YES,,,,
837,TH_PM_SETLE_INFO_HIST,9,WTDRW_ASMT_SQNC,NUMBER,YES,,,,
838,TH_PM_SETLE_INFO_HIST,10,FNLT_DIV_CD,TEXT,YES,,,,
839,TH_PM_SETLE_INFO_HIST,11,FNLT_CD,TEXT,YES,,,,
840,TH_PM_SETLE_INFO_HIST,12,SETLE_ENTRPS_CD,TEXT,YES,,,,
842,TH_PM_SETLE_INFO_HIST,14,CARD_TRMVT,TEXT,YES,,,,
843,TH_PM_SETLE_INFO_HIST,15,ACNUT_SER_NO,NUMBER,YES,,,,
844,TH_PM_SETLE_INFO_HIST,16,PAYER_NM,TEXT,YES,,,,
845,TH_PM_SETLE_INFO_HIST,17,CARD_DIV_CD,TEXT,YES,Y,PM044,,
847,TH_PM_SETLE_INFO_HIST,19,MBTLNUM,TEXT,YES,,,,
848,TH_PM_SETLE_INFO_HIST,20,ETC_CTTPC,TEXT,YES,,,,
849,TH_PM_SETLE_INFO_HIST,21,ETC_CTTPC_REL_CD,TEXT,YES,,,,
850,TH_PM_SETLE_INFO_HIST,22,PAYER_MBER_REL_CD,TEXT,YES,,,,
851,TH_PM_SETLE_INFO_HIST,23,CRTFC_MTH_CD,TEXT,YES,,,,
852,TH_PM_SETLE_INFO_HIST,24,CRTFC_FILE_NM,TEXT,YES,,,,
853,TH_PM_SETLE_INFO_HIST,25,CRTFC_DATA_CTNT,TEXT,YES,,,,
854,TH_PM_SETLE_INFO_HIST,26,CRTFC_DE,TIMESTAMP_NTZ,YES,,,,
855,TH_PM_SETLE_INFO_HIST,27,FILE_SIZE,NUMBER,YES,,,,
857,TH_PM_SETLE_INFO_HIST,29,SETLE_STAT_CD,TEXT,YES,Y,PM001,,
858,TH_PM_SETLE_INFO_HIST,30,BF_SETLE_STAT_CD,TEXT,YES,,,,
859,TH_PM_SETLE_INFO_HIST,31,RQST_DIV_CD,TEXT,YES,,,,
860,TH_PM_SETLE_INFO_HIST,32,RCEPT_DIV_CD,TEXT,YES,,,,
861,TH_PM_SETLE_INFO_HIST,33,APRV_YN,TEXT,YES,,,,
862,TH_PM_SETLE_INFO_HIST,34,APRV_REQUST_KEY,NUMBER,YES,,,,
863,TH_PM_SETLE_INFO_HIST,35,APRV_RST_KEY,NUMBER,YES,,,,
864,TH_PM_SETLE_INFO_HIST,36,FRST_BEGIN_DE,TIMESTAMP_NTZ,YES,,,,
865,TH_PM_SETLE_INFO_HIST,37,RQEST_EXCL_YN,TEXT,YES,,,,
866,TH_PM_SETLE_INFO_HIST,38,RQEST_EXCL_STRT_DE,TIMESTAMP_NTZ,YES,,,,
867,TH_PM_SETLE_INFO_HIST,39,RQEST_EXCL_END_DE,TIMESTAMP_NTZ,YES,,,,
868,TH_PM_SETLE_INFO_HIST,40,APPLCNT_NM,TEXT,YES,,,,
870,TH_PM_SETLE_INFO_HIST,42,APPLCNT_MBTLNUM,TEXT,YES,,,,
871,TH_PM_SETLE_INFO_HIST,43,APPLCNT_ETC_CTTPC,TEXT,YES,,,,
872,TH_PM_SETLE_INFO_HIST,44,APPLCNT_ETC_CTTPC_REL_CD,TEXT,YES,,,,
873,TH_PM_SETLE_INFO_HIST,45,APPLCNT_MBER_REL_CD,TEXT,YES,,,,
874,TH_PM_SETLE_INFO_HIST,46,BF_SETLE_KEY,NUMBER,YES,,,,
875,TH_PM_SETLE_INFO_HIST,47,OPERT_DIV_CD,TEXT,YES,,,,
877,TH_PM_SETLE_INFO_HIST,49,CRTFC_TY_CD,TEXT,YES,,,,
878,TH_PM_SETLE_INFO_HIST,50,USE_YN,TEXT,YES,,,,
879,TH_PM_SETLE_INFO_HIST,51,RGSTR_ID,TEXT,YES,,,,
880,TH_PM_SETLE_INFO_HIST,52,RGSTR_NM,TEXT,YES,,,,
881,TH_PM_SETLE_INFO_HIST,53,REGIST_DT,TIMESTAMP_NTZ,YES,,,,
882,TM_CM_SPNSR_BSNS_INFO,1,SPNSR_BSNS_ID,TEXT,NO,,,,
883,TM_CM_SPNSR_BSNS_INFO,2,SPNSR_DIV_CD,TEXT,YES,,,,
884,TM_CM_SPNSR_BSNS_INFO,3,SPNSR_BSNS_NM,TEXT,YES,,,,
885,TM_CM_SPNSR_BSNS_INFO,4,SPNSR_BSNS_ABRV_CD,TEXT,YES,,,,
886,TM_CM_SPNSR_BSNS_INFO,5,DNTN_TY_CD,TEXT,YES,Y,PM041,,
887,TM_CM_SPNSR_BSNS_INFO,6,SORT_ORDR,NUMBER,YES,,,,
888,TM_CM_SPNSR_BSNS_INFO,7,CPR_DIV_CD,TEXT,YES,Y,CM019,,
889,TM_CM_SPNSR_BSNS_INFO,8,RM,TEXT,YES,,,,
890,TM_CM_SPNSR_BSNS_INFO,9,USE_YN,TEXT,YES,,,,
891,TM_CM_SPNSR_BSNS_INFO,10,FRST_RGSTR_ID,TEXT,YES,,,,
892,TM_CM_SPNSR_BSNS_INFO,11,FRST_REGIST_DT,TIMESTAMP_NTZ,YES,,,,
893,TM_CM_SPNSR_BSNS_INFO,12,LAST_UPDUSR_ID,TEXT,YES,,,,
894,TM_CM_SPNSR_BSNS_INFO,13,LAST_UPDT_DT,TIMESTAMP_NTZ,YES,,,,
895,TH_MM_FDRM_MBER_STNG_DTLS,1,MBER_NO,TEXT,NO,,,,
896,TH_MM_FDRM_MBER_STNG_DTLS,2,SER_NO,NUMBER,NO,,,,
897,TH_MM_FDRM_MBER_STNG_DTLS,3,BF_STAT_CD,TEXT,YES,Y,MM010,,
898,TH_MM_FDRM_MBER_STNG_DTLS,4,CHN_STAT_CD,TEXT,YES,Y,MM010,,
899,TH_MM_FDRM_MBER_STNG_DTLS,5,FRST_RGSTR_ID,TEXT,YES,,,,
900,TH_MM_FDRM_MBER_STNG_DTLS,6,FRST_REGIST_DT,TIMESTAMP_NTZ,YES,,,,
901,TM_CM_MKTNG_CMPGN_MNG,1,MK_CMPGN_CD,TEXT,NO,,,,
902,TM_CM_MKTNG_CMPGN_MNG,2,MK_CMPGN_NM,TEXT,YES,,,,
903,TM_CM_MKTNG_CMPGN_MNG,3,USE_YN,TEXT,YES,,,,
904,TM_CM_MKTNG_CMPGN_MNG,4,RM,TEXT,YES,,,,
905,TM_CM_MKTNG_CMPGN_MNG,5,FRST_RGSTR_ID,TEXT,YES,,,,
906,TM_CM_MKTNG_CMPGN_MNG,6,FRST_REGIST_DT,TIMESTAMP_NTZ,YES,,,,
907,TM_CM_MKTNG_CMPGN_MNG,7,LAST_UPDUSR_ID,TEXT,YES,,,,
908,TM_CM_MKTNG_CMPGN_MNG,8,LAST_UPDT_DT,TIMESTAMP_NTZ,YES,,,,
